term_id,word
1,3d
2,visualis
3,anim
4,play
5,role
6,mani
7,area
8,popular
9,media
10,keep
11,grow
12,digit
13,provid
14,special
15,effect
16,21st
17,centuri
18,favourit
19,film
20,televis
21,show
22,design
23,also
24,essenti
25,everyday
26,work
27,everyth
28,comput
29,game
30,develop
31,onlin
32,virtual
33,world
34,industri
35,market
36,product
37,architectur
38,gcu
39,programm
40,environ
41,help
42,skill
43,thrive
44,success
45,career
46,visual
47,the
48,practic
49,orient
50,toward
51,current
52,need
53,technolog
54,no
55,prior
56,knowledg
57,requir
58,our
59,account
60,financi
61,manag
62,msc
63,cours
64,advanc
65,understand
66,econom
67,technic
68,institut
69,foundat
70,you
71,explor
72,import
73,inform
74,corpor
75,govern
76,ethic
77,global
78,with
79,undergradu
80,degre
81,relev
82,social
83,scienc
84,subject
85,readi
86,tackl
87,intellectu
88,challeng
89,financ
90,through
91,combin
92,core
93,modul
94,choic
95,come
96,away
97,fulli
98,equip
99,choos
100,go
101,busi
102,reli
103,sound
104,underpin
105,strategi
106,thi
107,profession
108,modern
109,theori
110,control
111,well
112,organis
113,context
114,cover
115,fundament
116,topic
117,report
118,option
119,allow
120,specialis
121,rang
122,intern
123,forens
124,abl
125,appli
126,learn
127,case
128,studi
129,simul
130,test
131,genuin
132,scenario
133,embark
134,academ
135,ground
136,distinct
137,flavour
138,it
139,focus
140,concept
141,analys
142,offer
143,critic
144,issu
145,relat
146,strateg
147,plu
148,peopl
149,addit
150,includ
151,join
152,us
153,session
154,prospect
155,student
156,find
157,addict
158,take
159,place
160,wednesday
161,17th
162,may
163,12
164,book
165,postgradu
166,educ
167,particular
168,emphasi
169,recent
170,biolog
171,psycholog
172,conceptualis
173,drug
174,use
175,prevent
176,your
177,theoret
178,posit
179,within
180,polici
181,facilit
182,transfer
183,workplac
184,chemic
185,engin
186,leed
187,build
188,alreadi
189,continu
190,evolv
191,disciplin
192,specif
193,greater
194,depth
195,aspect
196,process
197,these
198,enabl
199,oper
200,associ
201,manufactur
202,plant
203,whilst
204,leadership
205,innov
206,research
207,overview
208,master
209,complementari
210,curricula
211,classic
212,graduat
213,creat
214,bridg
215,object
216,give
217,much
218,deeper
219,one
220,tool
221,mindset
222,deal
223,manageri
224,abil
225,complex
226,influenc
227,earli
228,main
229,embrac
230,thank
231,real
232,new
233,servic
234,model
235,form
236,3
237,minor
238,entrepreneurship
239,analyt
240,progress
241,physiotherapist
242,nh
243,privat
244,sector
245,health
246,care
247,set
248,exist
249,clinic
250,assess
251,analysi
252,insight
253,facil
254,latest
255,get
256,train
257,physiotherapi
258,collabor
259,bring
260,seek
261,deliv
262,practis
263,expert
264,specialist
265,field
266,goal
267,are
268,look
269,forward
270,futur
271,agricultur
272,environment
273,resourc
274,as
275,employ
276,nation
277,exampl
278,univers
279,public
280,becom
281,entrepreneur
282,viikki
283,campu
284,optim
285,uniqu
286,upon
287,vers
288,climat
289,sustain
290,food
291,secur
292,would
293,like
294,involv
295,solut
296,energi
297,chang
298,popul
299,growth
300,limit
301,interest
302,welfar
303,clean
304,soil
305,newest
306,method
307,genet
308,autom
309,robot
310,today
311,tomorrow
312,helsinki
313,finland
314,up
315,7
316,million
317,estim
318,die
319,everi
320,year
321,due
322,harm
323,air
324,pollut
325,degrad
326,qualiti
327,lead
328,caus
329,prematur
330,mortal
331,exceed
332,death
333,unsaf
334,drink
335,water
336,malaria
337,hiv
338,factor
339,emiss
340,fate
341,vital
342,mitig
343,toxicolog
344,integr
345,detail
346,comprehens
347,applic
348,excit
349,ai
350,big
351,data
352,cybersecur
353,span
354,almost
355,live
356,smartphon
357,app
358,assist
359,revolutionis
360,safeti
361,effici
362,transport
363,system
364,pandem
365,remot
366,convert
367,could
368,establish
369,techniqu
370,intellig
371,algorithm
372,softwar
373,from
374,polit
375,uncertainti
376,recruit
377,demand
378,bank
379,beyond
380,paper
381,put
382,action
383,day
384,bath
385,first
386,uk
387,emphasis
388,opportun
389,greatest
390,risk
391,construct
392,therefor
393,qualifi
394,geotechn
395,reduc
396,optimis
397,structur
398,ensur
399,safe
400,resili
401,underli
402,philosophi
403,togeth
404,expertis
405,address
406,problem
407,shallow
408,deep
409,interact
410,sourc
411,slope
412,stabilis
413,meet
414,wish
415,enter
416,background
417,experi
418,plan
419,suppli
420,chain
421,ecolog
422,maker
423,biodivers
424,crisi
425,appreci
426,way
427,conserv
428,natur
429,empow
430,healthcar
431,leader
432,thinker
433,multidimension
434,determin
435,2024
436,previous
437,adopt
438,interdisciplinari
439,approach
440,tradit
441,invit
442,consid
443,wide
444,interrel
445,socioeconom
446,policymak
447,shape
448,agenda
449,ecosystem
450,whether
451,pioneer
452,signific
453,reflect
454,across
455,extend
456,piec
457,end
458,in
459,histori
460,connect
461,differ
462,part
463,draw
464,comparison
465,time
466,space
467,cultur
468,strengthen
469,independ
470,prepar
471,increasingli
472,globalis
473,a
474,major
475,stem
476,local
477,archiv
478,museum
479,librari
480,histor
481,peacebuild
482,mutual
483,reinforc
484,link
485,peac
486,societi
487,especi
488,blend
489,support
490,wholli
491,huge
492,outcom
493,effort
494,impact
495,refin
496,commun
497,pr
498,advertis
499,uca
500,enhanc
501,select
502,taught
503,school
504,creativ
505,gain
506,person
507,springboard
508,dream
509,there
510,eight
511,cosmet
512,beauti
513,fashion
514,fine
515,art
516,lifestyl
517,good
518,luxuri
519,music
520,mental
521,jointli
522,run
523,king
524,colleg
525,london
526,hygien
527,tropic
528,medicin
529,surround
530,acquir
531,implement
532,evalu
533,low
534,conduct
535,constitut
536,excel
537,agenc
538,perspect
539,dure
540,contribut
541,biggest
542,face
543,crise
544,war
545,conflict
546,inequ
547,respond
548,improv
549,wellb
550,individu
551,militari
552,threat
553,defin
554,matter
555,best
556,20th
557,quickli
558,replac
559,examin
560,convent
561,unconvent
562,contemporari
563,descript
564,urgent
565,emerg
566,damag
567,press
568,transform
569,even
570,consider
571,align
572,mandat
573,mission
574,respons
575,ulster
576,stage
577,1
578,aspir
579,psychologist
580,do
581,hold
582,convers
583,if
584,intend
585,awar
586,ill
587,pursu
588,doctor
589,throughout
590,rise
591,machin
592,surgic
593,avail
594,medic
595,imag
596,open
597,sever
598,domain
599,key
600,program
601,advantag
602,maximis
603,potenti
604,period
605,mediev
606,late
607,scotland
608,britain
609,europ
610,america
611,increas
612,produc
613,dissert
614,base
615,primari
616,glasgow
617,rate
618,joint
619,4th
620,direct
621,teach
622,when
623,massey
624,focu
625,type
626,microbiolog
627,biochemistri
628,prerequisit
629,want
630,door
631,broader
632,broad
633,marin
634,aim
635,multipl
636,acquisit
637,necessari
638,sea
639,surviv
640,powerboat
641,handl
642,radio
643,fisheri
644,aquacultur
645,mammal
646,geograph
647,gi
648,fieldwork
649,compon
650,ship
651,survey
652,sampl
653,molecular
654,cell
655,bioinnov
656,mcb
657,multidisciplinari
658,highli
659,motiv
660,biomed
661,amongst
662,cancer
663,infect
664,immun
665,neurosci
666,biotechnolog
667,entrepreneuri
668,think
669,we
670,truli
671,scientif
672,adapt
673,behaviour
674,evolut
675,diseas
676,gene
677,regul
678,singl
679,molecul
680,whole
681,or
682,mathemat
683,variou
684,crossroad
685,groningen
686,guidanc
687,staff
688,member
689,coach
690,about
691,launch
692,regist
693,ucl
694,biomateri
695,bioengin
696,tissu
697,emin
698,visit
699,lectur
700,chariti
701,attract
702,physic
703,life
704,qualif
705,biomedicin
706,methodolog
707,utilis
708,moreov
709,broaden
710,demonstr
711,origin
712,solv
713,function
714,learner
715,initi
716,unpredict
717,repres
718,drive
719,human
720,genom
721,express
722,alongsid
723,platform
724,novel
725,treat
726,investig
727,epidemiolog
728,pathogen
729,diagnos
730,monitor
731,virus
732,bacteria
733,cardiovascular
734,autoimmun
735,disord
736,nuclear
737,magnet
738,reson
739,nmr
740,mass
741,spectroscopi
742,ms
743,crystallographi
744,immunohistochemistri
745,mre
746,disciplinari
747,superior
748,firm
749,instrument
750,characteris
751,materi
752,project
753,brief
754,devic
755,bodi
756,often
757,refer
758,benefit
759,make
760,principl
761,on
762,deliveri
763,nutrit
764,true
765,biocompat
766,respect
767,activ
768,prosthet
769,limb
770,biomechan
771,measur
772,signal
773,order
774,finish
775,generalist
776,thorough
777,basic
778,along
779,perman
780,discov
781,led
782,suitabl
783,intercal
784,fluid
785,mechan
786,introduct
787,fastest
788,worldwid
789,next
790,gener
791,some
792,intersect
793,cardiac
794,therapeut
795,silico
796,regener
797,vitro
798,four
799,theme
800,diagnost
801,rehabilit
802,home
803,35
804,phd
805,divers
806,infecti
807,interfac
808,differenti
809,nanotechnolog
810,orthot
811,aid
812,creation
813,artifici
814,follow
815,push
816,condit
817,stream
818,bioelectr
819,regulatori
820,accord
821,common
822,award
823,attribut
824,synthes
825,strongli
826,larg
827,array
828,affair
829,therapi
830,electrophysiolog
831,biosensor
832,microfluid
833,optogenet
834,ultrasound
835,strathclyd
836,higher
837,twice
838,modular
839,chosen
840,practition
841,maintain
842,ideal
843,to
844,better
845,by
846,and
847,for
848,treatment
849,of
850,scale
851,entir
852,smaller
853,nanoparticl
854,two
855,insid
856,mri
857,ct
858,heart
859,valv
860,stress
861,avoid
862,realis
863,microelectron
864,keel
865,arena
866,accredit
867,alli
868,began
869,1991
870,succeed
871,majorli
872,competit
873,alway
874,high
875,trend
876,cloud
877,solid
878,coverag
879,toolkit
880,featur
881,talent
882,varieti
883,embed
884,academia
885,hospit
886,medtech
887,prevail
888,age
889,personalis
890,patholog
891,diagnosi
892,patient
893,quest
894,cure
895,wait
896,semest
897,number
898,compulsori
899,english
900,laboratori
901,biostatist
902,arm
903,perform
904,second
905,start
906,write
907,review
908,internship
909,complet
910,short
911,24
912,ect
913,total
914,grand
915,final
916,thesi
917,result
918,obtain
919,at
920,fourth
921,defend
922,oral
923,present
924,discuss
925,juri
926,whi
927,introduc
928,haematopoiet
929,normal
930,blood
931,kingston
932,ibm
933,registr
934,an
935,per
936,week
937,fit
938,around
939,commit
940,immunolog
941,either
942,haematolog
943,carri
944,sell
945,point
946,job
947,promot
948,guest
949,speaker
950,organ
951,refocus
952,attent
953,dementia
954,stroke
955,pulmonari
956,great
957,track
958,record
959,target
960,move
961,size
962,lancast
963,undertak
964,valuabl
965,forg
966,relationship
967,sphere
968,fall
969,portfolio
970,brain
971,discoveri
972,level
973,lab
974,team
975,immunohaematolog
976,cellular
977,name
978,titl
979,scientist
980,meaning
981,now
982,step
983,kind
984,citi
985,attain
986,three
987,transfus
988,famili
989,pleas
990,note
991,visa
992,summari
993,driven
994,grant
995,propos
996,flexibl
997,profess
998,undertaken
999,elearn
1000,attend
1001,nottingham
1002,trent
1003,distanc
1004,engag
1005,content
1006,dynam
1007,save
1008,ration
1009,fight
1010,seriou
1011,particularli
1012,affect
1013,evid
1014,valu
1015,encompass
1016,holist
1017,provis
1018,intervent
1019,chemistri
1020,fascin
1021,endocrin
1022,antenat
1023,complic
1024,reward
1025,haematologist
1026,match
1027,donat
1028,someon
1029,countless
1030,seen
1031,devast
1032,transmiss
1033,aetiolog
1034,aris
1035,reagent
1036,immunotherapeut
1037,immunoassay
1038,share
1039,identifi
1040,danger
1041,microb
1042,stop
1043,spread
1044,pertin
1045,light
1046,zoonosi
1047,preval
1048,suit
1049,amount
1050,dental
1051,veterinari
1052,depend
1053,regard
1054,cut
1055,edg
1056,insult
1057,poison
1058,anaemia
1059,mening
1060,enrich
1061,updat
1062,achiev
1063,tailor
1064,bioscienc
1065,unrival
1066,top
1067,class
1068,chanc
1069,keen
1070,renown
1071,ampl
1072,destin
1073,leaver
1074,dlhe
1075,found
1076,100
1077,2017
1078,six
1079,month
1080,explan
1081,extens
1082,biociti
1083,groundbreak
1084,centr
1085,largest
1086,incub
1087,not
1088,basi
1089,stapl
1090,wolverhampton
1091,quarter
1092,contributor
1093,senior
1094,via
1095,pathway
1096,expect
1097,epidem
1098,recognis
1099,accur
1100,administr
1101,expens
1102,turn
1103,devis
1104,debat
1105,contain
1106,endocrinolog
1107,metabol
1108,physiolog
1109,expand
1110,pharmaceut
1111,immunopatholog
1112,immunotherapi
1113,immunodiagnosi
1114,compet
1115,execut
1116,proactiv
1117,perceiv
1118,st
1119,jame
1120,concurr
1121,five
1122,actual
1123,ii
1124,iii
1125,iv
1126,translat
1127,oncolog
1128,v
1129,submit
1130,notifi
1131,antibiot
1132,newli
1133,advic
1134,altern
1135,commercialis
1136,crucial
1137,appropri
1138,curiou
1139,then
1140,mb
1141,might
1142,exactli
1143,mix
1144,be
1145,what
1146,epi
1147,how
1148,microorgan
1149,intestin
1150,answer
1151,question
1152,preclin
1153,encount
1154,faculti
1155,overcom
1156,microbi
1157,heal
1158,firstli
1159,unlik
1160,dedic
1161,bioinformat
1162,summer
1163,secondli
1164,captur
1165,substanti
1166,mean
1167,perfect
1168,prove
1169,conjunct
1170,biom
1171,worker
1172,boost
1173,employe
1174,consortium
1175,trust
1176,ventur
1177,england
1178,greenwich
1179,approv
1180,cpd
1181,experiment
1182,unit
1183,literari
1184,more
1185,vle
1186,weblearn
1187,sign
1188,stay
1189,surfac
1190,rapidli
1191,introductori
1192,iso
1193,13485
1194,term
1195,placement
1196,intens
1197,supervis
1198,passion
1199,advoc
1200,curios
1201,lifelong
1202,half
1203,dual
1204,consolid
1205,subsequ
1206,spend
1207,confoc
1208,microscopi
1209,flow
1210,cytometri
1211,clone
1212,situ
1213,hybridis
1214,biomolecular
1215,archaeolog
1216,evolutionari
1217,biopharmaceut
1218,compris
1219,hormon
1220,monoclon
1221,antibodi
1222,receiv
1223,compani
1224,capabl
1225,right
1226,escp
1227,consult
1228,immedi
1229,insert
1230,undergo
1231,dramat
1232,internationalis
1233,relianc
1234,hallmark
1235,author
1236,definit
1237,text
1238,shortag
1239,swansea
1240,proud
1241,promis
1242,extraordinari
1243,rare
1244,renew
1245,crop
1246,harsh
1247,afford
1248,particip
1249,horizon
1250,nhc
1251,bioprocess
1252,behind
1253,downstream
1254,predict
1255,protein
1256,bacteri
1257,full
1258,tutori
1259,group
1260,frontier
1261,inspir
1262,soft
1263,smart
1264,green
1265,microrobot
1266,swarm
1267,power
1268,warehous
1269,gripper
1270,biorobot
1271,habitat
1272,fish
1273,purpos
1274,bioscientist
1275,idea
1276,b
1277,kaust
1278,biophys
1279,smoothli
1280,elect
1281,divis
1282,customis
1283,forefront
1284,notic
1285,bioeconomi
1286,despit
1287,rapid
1288,uwinnipeg
1289,access
1290,winnipeg
1291,nexu
1292,capac
1293,presenc
1294,provinci
1295,feder
1296,similarli
1297,coincid
1298,richardson
1299,ever
1300,pace
1301,but
1302,unforeseen
1303,consequ
1304,peril
1305,vacuum
1306,dimens
1307,literaci
1308,third
1309,biosoci
1310,anthropolog
1311,profici
1312,scm
1313,quantit
1314,desir
1315,statistician
1316,assum
1317,biosystem
1318,storag
1319,rural
1320,concern
1321,central
1322,craft
1323,10
1324,biotech
1325,healthier
1326,safer
1327,lesson
1328,dna
1329,rna
1330,request
1331,consum
1332,watch
1333,ask
1334,webinar
1335,synthet
1336,vaccin
1337,iber
1338,reserv
1339,exploit
1340,know
1341,viabl
1342,experienc
1343,aberdeen
1344,impress
1345,reput
1346,pharmacolog
1347,har
1348,gap
1349,adam
1350,smith
1351,agreement
1352,partnership
1353,known
1354,assembl
1355,sequenc
1356,edit
1357,code
1358,manipul
1359,revolut
1360,era
1361,proteom
1362,resist
1363,hundr
1364,culmin
1365,agrochem
1366,curriculum
1367,input
1368,consist
1369,workshop
1370,seri
1371,economi
1372,player
1373,strong
1374,statist
1375,driver
1376,commerci
1377,deriv
1378,brew
1379,ferment
1380,still
1381,decad
1382,modif
1383,revolution
1384,spawn
1385,recombin
1386,ambit
1387,hub
1388,portsmouth
1389,rank
1390,databas
1391,throughput
1392,closer
1393,bioanalysi
1394,enterpris
1395,possibl
1396,demograph
1397,fuel
1398,among
1399,carbon
1400,sequestr
1401,penetr
1402,acceler
1403,blockchain
1404,twist
1405,met
1406,assur
1407,portal
1408,reason
1409,neural
1410,cognit
1411,child
1412,network
1413,atyp
1414,development
1415,path
1416,observ
1417,prestigi
1418,université
1419,pierr
1420,et
1421,mari
1422,curi
1423,sorbonn
1424,ecol
1425,supérieur
1426,individualis
1427,they
1428,nervou
1429,exposur
1430,shot
1431,word
1432,lip
1433,misnom
1434,event
1435,milieu
1436,redesign
1437,consumpt
1438,una
1439,aziend
1440,della
1441,comunicazion
1442,brand
1443,thu
1444,belong
1445,politecnico
1446,di
1447,milano
1448,proper
1449,ongo
1450,fill
1451,coordin
1452,whose
1453,lie
1454,equiti
1455,categori
1456,similar
1457,characterist
1458,empathi
1459,societ
1460,proposit
1461,touchpoint
1462,journey
1463,candid
1464,entri
1465,malt
1466,distil
1467,held
1468,seminar
1469,talk
1470,exercis
1471,breweri
1472,possess
1473,robust
1474,broadband
1475,mobil
1476,task
1477,globe
1478,bim
1479,infrastructur
1480,studentship
1481,immers
1482,urban
1483,recalibr
1484,mainstream
1485,mode
1486,inquiri
1487,heritag
1488,site
1489,built
1490,asset
1491,revitalis
1492,town
1493,repair
1494,scrutinis
1495,legisl
1496,standard
1497,royal
1498,charter
1499,surveyor
1500,ric
1501,ibhc
1502,law
1503,workflow
1504,digitalis
1505,framework
1506,skillset
1507,exclus
1508,aec
1509,realiti
1510,client
1511,most
1512,ciat
1513,technologist
1514,fast
1515,lifecycl
1516,mainten
1517,regular
1518,close
1519,region
1520,south
1521,west
1522,procur
1523,complianc
1524,yet
1525,mixtur
1526,classroom
1527,fund
1528,apprenticeship
1529,hla
1530,dfe
1531,although
1532,must
1533,enough
1534,alloc
1535,civil
1536,architect
1537,m
1538,e
1539,hand
1540,eat
1541,happen
1542,muscular
1543,respiratori
1544,extrem
1545,constant
1546,navig
1547,turbul
1548,landscap
1549,humanitarian
1550,interpret
1551,situat
1552,past
1553,prioriti
1554,disast
1555,dilemma
1556,planet
1557,resolv
1558,adequ
1559,erasmu
1560,mundu
1561,vision
1562,ipcvai
1563,daili
1564,video
1565,surveil
1566,etc
1567,ipcv
1568,scheme
1569,s
1570,bachelor
1571,parasit
1572,domest
1573,pay
1574,electron
1575,analogu
1576,bud
1577,intrapreneuri
1578,imperi
1579,informat
1580,bisa
1581,depart
1582,capit
1583,icma
1584,deepen
1585,analyst
1586,serv
1587,compar
1588,view
1589,multin
1590,nurtur
1591,foreign
1592,controversi
1593,brunel
1594,heat
1595,electr
1596,contract
1597,interior
1598,instal
1599,cool
1600,lift
1601,telecom
1602,advis
1603,residenti
1604,lucr
1605,cope
1606,intensifi
1607,acoust
1608,fire
1609,smoke
1610,wast
1611,dispos
1612,escal
1613,inspect
1614,refurbish
1615,wider
1616,oversea
1617,locat
1618,recoveri
1619,back
1620,greener
1621,repurpos
1622,reimagin
1623,prime
1624,recommend
1625,rout
1626,european
1627,legal
1628,parti
1629,wall
1630,simpl
1631,advisor
1632,properti
1633,glue
1634,remedi
1635,defect
1636,anywher
1637,audienc
1638,uwe
1639,bristol
1640,net
1641,zero
1642,except
1643,collect
1644,len
1645,rigor
1646,plastic
1647,reconstruct
1648,burn
1649,surgeri
1650,participatori
1651,that
1652,add
1653,cost
1654,guarante
1655,clinician
1656,carer
1657,insur
1658,organiz
1659,which
1660,profil
1661,small
1662,sme
1663,95
1664,countri
1665,remain
1666,gear
1667,protect
1668,sure
1669,profit
1670,smio
1671,judgment
1672,decis
1673,leicest
1674,bloomberg
1675,termin
1676,invest
1677,forecast
1678,exam
1679,coursework
1680,merg
1681,custom
1682,pattern
1683,constantli
1684,never
1685,2020
1686,state
1687,microstrategi
1688,highlight
1689,94
1690,cycl
1691,prescript
1692,difficult
1693,logist
1694,retail
1695,investor
1696,stand
1697,mine
1698,hert
1699,ba
1700,reda
1701,lebcir
1702,coronaviru
1703,see
1704,section
1705,ocado
1706,tesco
1707,hq
1708,fair
1709,whitbread
1710,greenfolk
1711,accentur
1712,news
1713,sens
1714,sought
1715,sift
1716,volum
1717,southampton
1718,sharpen
1719,notabl
1720,40
1721,7th
1722,qs
1723,2023
1724,trade
1725,python
1726,spss
1727,sa
1728,gateway
1729,deloitt
1730,boe
1731,delv
1732,few
1733,foremost
1734,stone
1735,cv
1736,partner
1737,jp
1738,morgan
1739,lloyd
1740,dig
1741,retriev
1742,hidden
1743,side
1744,such
1745,econometr
1746,analyz
1747,guid
1748,encourag
1749,elig
1750,rit
1751,averag
1752,salari
1753,uwl
1754,contact
1755,rigour
1756,clb
1757,boast
1758,boardroom
1759,pastor
1760,emb
1761,bolster
1762,embodi
1763,who
1764,scope
1765,ultim
1766,veloc
1767,qlik
1768,winpur
1769,women
1770,incorpor
1771,commiss
1772,vocat
1773,shortfal
1774,welcom
1775,script
1776,orang
1777,r
1778,deploy
1779,clear
1780,accordingli
1781,linkedin
1782,internet
1783,fuell
1784,leverag
1785,hr
1786,qtem
1787,abroad
1788,everywher
1789,ipso
1790,walgreen
1791,boot
1792,allianc
1793,dataset
1794,transact
1795,unlock
1796,trillion
1797,byte
1798,supplier
1799,explos
1800,disrupt
1801,gather
1802,vast
1803,volatil
1804,uncertain
1805,revenu
1806,competitor
1807,primarili
1808,display
1809,ident
1810,preserv
1811,council
1812,esrc
1813,scottish
1814,voluntari
1815,unsur
1816,later
1817,newcastl
1818,begin
1819,earn
1820,commerc
1821,taken
1822,2
1823,transit
1824,attitud
1825,conceptu
1826,underway
1827,hit
1828,abp
1829,each
1830,alumni
1831,iec
1832,christ
1833,deem
1834,bangalor
1835,india
1836,hrdm
1837,imper
1838,avenu
1839,distinguish
1840,economist
1841,acut
1842,percept
1843,read
1844,behav
1845,dba
1846,30
1847,will
1848,rich
1849,negoti
1850,valuat
1851,merger
1852,microstructur
1853,taxat
1854,empir
1855,cafr
1856,loughri
1857,cookstown
1858,tyron
1859,supervisori
1860,programmeshav
1861,lawyer
1862,confront
1863,radic
1864,acumen
1865,bold
1866,multifacet
1867,experienti
1868,18
1869,length
1870,automat
1871,incred
1872,speed
1873,channel
1874,reliant
1875,galvanis
1876,formul
1877,strength
1878,highest
1879,thing
1880,eye
1881,apart
1882,reach
1883,120
1884,credit
1885,fibaa
1886,impart
1887,after
1888,german
1889,languag
1890,howev
1891,cooper
1892,steinbei
1893,smi
1894,iom
1895,supervisor
1896,clearli
1897,behavior
1898,marketplac
1899,sole
1900,farm
1901,equin
1902,contextualis
1903,contin
1904,offlin
1905,auster
1906,movement
1907,freedom
1908,confid
1909,whatev
1910,realiz
1911,viabil
1912,correspond
1913,front
1914,tutor
1915,enjoy
1916,appeal
1917,equal
1918,attun
1919,steer
1920,occup
1921,hire
1922,intercultur
1923,disagre
1924,easi
1925,certain
1926,spirit
1927,imagin
1928,idealist
1929,rewrit
1930,rule
1931,mistak
1932,greatli
1933,ahead
1934,professor
1935,edinburgh
1936,extern
1937,rethink
1938,complement
1939,transnat
1940,written
1941,prefer
1942,head
1943,call
1944,shl
1945,pgr
1946,speci
1947,protocol
1948,precis
1949,tumour
1950,marker
1951,carrier
1952,detect
1953,breadth
1954,credibl
1955,malign
1956,rational
1957,numeraci
1958,liverpool
1959,coupl
1960,clatterbridg
1961,hone
1962,nearli
1963,kick
1964,stabil
1965,funder
1966,chemist
1967,identif
1968,entiti
1969,car
1970,t
1971,radiat
1972,chemotherapi
1973,teacher
1974,oncologist
1975,believ
1976,soon
1977,cur
1978,leas
1979,offic
1980,roch
1981,merck
1982,astra
1983,zeneca
1984,macrophag
1985,nk
1986,numer
1987,effector
1988,re
1989,stratifi
1990,tour
1991,northern
1992,ireland
1993,chemotherapeut
1994,agent
1995,kill
1996,quit
1997,ljmu
1998,llm
1999,wit
2000,surg
2001,caledonian
2002,labour
2003,declin
2004,barrier
2005,separ
2006,interdepend
2007,pharmacoeconom
2008,fellow
2009,leav
2010,mark
2011,here
2012,internation
2013,interdisciplinar
2014,tourism
2015,i
2016,frequent
2017,outrun
2018,sophist
2019,civic
2020,trip
2021,exchang
2022,cim
2023,abma
2024,equi
2025,thousand
2026,cip
2027,cilt
2028,lean
2029,yellow
2030,belt
2031,certif
2032,date
2033,januari
2034,diploma
2035,pgdip
2036,pgcert
2037,grasp
2038,norm
2039,stakehold
2040,instabl
2041,terror
2042,15
2043,germani
2044,ten
2045,directli
2046,indirectli
2047,wealth
2048,price
2049,henley
2050,flagship
2051,longest
2052,affili
2053,cfa
2054,land
2055,hydrograph
2056,bedsid
2057,literatur
2058,hypothes
2059,websit
2060,survivorship
2061,continuum
2062,commenc
2063,implic
2064,equit
2065,rhythm
2066,middlesex
2067,british
2068,echocardiographi
2069,syllabu
2070,procedur
2071,bse
2072,cardiolog
2073,junior
2074,intent
2075,physician
2076,nurs
2077,requisit
2078,physiologist
2079,buckingham
2080,comfort
2081,upcom
2082,disabl
2083,reduct
2084,trial
2085,vibrant
2086,outstand
2087,bhf
2088,hous
2089,preparatori
2090,eventu
2091,perfus
2092,diabet
2093,interplay
2094,diet
2095,sleep
2096,least
2097,regardless
2098,mind
2099,stimul
2100,element
2101,counsel
2102,adult
2103,peer
2104,qcgd
2105,children
2106,young
2107,childhood
2108,catalysi
2109,inherit
2110,guy
2111,hilton
2112,regen
2113,anatomi
2114,virolog
2115,recognit
2116,wolfson
2117,bioimag
2118,middl
2119,6th
2120,16th
2121,scholar
2122,celtic
2123,gaelic
2124,branch
2125,auditor
2126,cass
2127,fundrais
2128,56
2129,formalis
2130,biochem
2131,raw
2132,foster
2133,soc
2134,phytopharmacolog
2135,biorefineri
2136,hour
2137,defens
2138,webpag
2139,accept
2140,circumst
2141,fulfil
2142,semiconductor
2143,batteri
2144,capston
2145,paid
2146,bausch
2147,lomb
2148,boston
2149,beer
2150,regeneron
2151,dupont
2152,eastman
2153,kodak
2154,tungsten
2155,powder
2156,northrop
2157,grumman
2158,foundri
2159,hershey
2160,invari
2161,feat
2162,bulk
2163,specialti
2164,limitless
2165,fertilis
2166,systemat
2167,maximum
2168,durat
2169,submiss
2170,pend
2171,4
2172,sometim
2173,less
2174,exclud
2175,enrol
2176,extra
2177,petroleum
2178,beng
2179,bsc
2180,statu
2181,balanc
2182,therebi
2183,princip
2184,50
2185,east
2186,focuss
2187,refresh
2188,anyth
2189,transcend
2190,boundari
2191,sensor
2192,spectroscop
2193,chemometr
2194,admit
2195,made
2196,suffici
2197,decid
2198,synthesi
2199,plasmon
2200,print
2201,host
2202,rcuk
2203,fellowship
2204,kent
2205,supramolecular
2206,interfaci
2207,agre
2208,rather
2209,ref
2210,2021
2211,250
2212,typic
2213,divid
2214,nine
2215,mentor
2216,all
2217,vrije
2218,universiteit
2219,brussel
2220,belgium
2221,vub
2222,ghent
2223,ugent
2224,logic
2225,abstract
2226,export
2227,duti
2228,invent
2229,connoisseur
2230,phenomena
2231,cpm
2232,ga
2233,hydrogen
2234,circular
2235,block
2236,bioanalyt
2237,bioorgan
2238,nanosci
2239,20
2240,kalmar
2241,inorgan
2242,coshh
2243,recipi
2244,2016
2245,nobel
2246,prize
2247,ben
2248,feringa
2249,rotari
2250,motor
2251,solar
2252,can
2253,tuberculosi
2254,multipli
2255,line
2256,let
2257,long
2258,satisfact
2259,adolesc
2260,difficulti
2261,distress
2262,speech
2263,paediatr
2264,youth
2265,justic
2266,psychiatrist
2267,pediatrician
2268,figur
2269,autism
2270,denni
2271,ougrin
2272,celci
2273,fresh
2274,pedagogi
2275,sociolog
2276,lifespac
2277,evidenc
2278,neonat
2279,midwiferi
2280,2nd
2281,6
2282,vulner
2283,safeguard
2284,abus
2285,admiss
2286,confin
2287,upper
2288,grade
2289,weekli
2290,approxim
2291,assign
2292,fragment
2293,disjoint
2294,obscur
2295,without
2296,perpetr
2297,impun
2298,spectrum
2299,dyslexia
2300,lifespan
2301,infant
2302,cyp
2303,nmc
2304,emot
2305,explicitli
2306,offici
2307,ngo
2308,interconnect
2309,lse
2310,china
2311,contrast
2312,burden
2313,chronic
2314,autonom
2315,linear
2316,extract
2317,discard
2318,strive
2319,kept
2320,spatial
2321,1998
2322,urbanis
2323,happi
2324,manner
2325,requalif
2326,restor
2327,seismic
2328,hydraul
2329,inclus
2330,alon
2331,earth
2332,geoenvironment
2333,indic
2334,sediment
2335,coastal
2336,estuarin
2337,inland
2338,cambridg
2339,2022
2340,ambiti
2341,earthquak
2342,permit
2343,expos
2344,those
2345,accomplish
2346,gdp
2347,gross
2348,pipelin
2349,unpreced
2350,60
2351,abertay
2352,enquir
2353,previou
2354,loadbear
2355,concret
2356,steel
2357,compos
2358,composit
2359,lightweight
2360,geotechnolog
2361,furthermor
2362,compliment
2363,birmingham
2364,intak
2365,13th
2366,novemb
2367,june
2368,hazard
2369,pavia
2370,iuss
2371,rose
2372,hydrogeolog
2373,hyri
2374,railway
2375,malaysia
2376,praction
2377,phase
2378,finit
2379,fem
2380,drainag
2381,further
2382,ceng
2383,partial
2384,board
2385,moder
2386,minimum
2387,proceed
2388,ieng
2389,various
2390,interperson
2391,sharp
2392,dockland
2393,atkin
2394,waterman
2395,thame
2396,borough
2397,newham
2398,statutori
2399,zienkiewicz
2400,super
2401,math
2402,root
2403,champion
2404,instruct
2405,intric
2406,solicitor
2407,barrist
2408,african
2409,finger
2410,puls
2411,pacemak
2412,iu
2413,cyber
2414,unmet
2415,pinnacl
2416,devop
2417,9
2418,nfq
2419,ucd
2420,advisori
2421,farmer
2422,gilmorehil
2423,dumfri
2424,invalu
2425,conclud
2426,search
2427,chose
2428,excurs
2429,esmt
2430,berlin
2431,retain
2432,await
2433,outlook
2434,coventri
2435,cognat
2436,holder
2437,page
2438,structral
2439,chart
2440,pound
2441,springfield
2442,prowess
2443,ancient
2444,greek
2445,roman
2446,iron
2447,christian
2448,sculptur
2449,funerari
2450,topographi
2451,mediterranean
2452,broadli
2453,simpli
2454,greec
2455,rome
2456,near
2457,excav
2458,itali
2459,georgia
2460,macedonia
2461,civilis
2462,latin
2463,thought
2464,antiqu
2465,recept
2466,flourish
2467,countrysid
2468,boom
2469,sway
2470,geographi
2471,planetari
2472,flood
2473,irrevers
2474,worst
2475,greenhous
2476,remov
2477,atmospher
2478,attempt
2479,un
2480,sdg
2481,citizen
2482,meteorolog
2483,util
2484,walker
2485,simultan
2486,both
2487,list
2488,dollar
2489,clearer
2490,pronounc
2491,displac
2492,drought
2493,forest
2494,over
2495,cohort
2496,friendli
2497,longer
2498,warm
2499,wageningen
2500,crystallis
2501,broadest
2502,radiolog
2503,microscop
2504,embryolog
2505,queen
2506,cadaver
2507,licens
2508,hta
2509,radiographi
2510,rel
2511,gone
2512,afield
2513,psychopatholog
2514,unravel
2515,vari
2516,etiolog
2517,6047p
2518,septemb
2519,april
2520,statement
2521,eg
2522,allergi
2523,chs8005
2524,withdrawn
2525,mcr8015
2526,screen
2527,onc8025
2528,viral
2529,absolut
2530,malnutrit
2531,obes
2532,correct
2533,anyon
2534,abnorm
2535,commonli
2536,companion
2537,credenti
2538,onto
2539,post
2540,bp
2541,psychotherapi
2542,iapt
2543,place2b
2544,paiwand
2545,pyramid
2546,cap
2547,formal
2548,upskil
2549,apprentic
2550,equival
2551,biochemist
2552,neurophysiolog
2553,eeg
2554,tm
2555,fmri
2556,iq
2557,psychometr
2558,psychophysiolog
2559,perceptu
2560,polio
2561,1950
2562,birth
2563,icu
2564,anoth
2565,promin
2566,repeat
2567,dentistri
2568,dermatolog
2569,skin
2570,given
2571,pedigre
2572,pressur
2573,academi
2574,aom
2575,deaneri
2576,membership
2577,scholarship
2578,imsc
2579,therapist
2580,chml
2581,pg
2582,cert
2583,sep
2584,superb
2585,reproduct
2586,ceart
2587,androlog
2588,fertil
2589,healthi
2590,northumbria
2591,pathophysiolog
2592,guidelin
2593,recov
2594,rccp
2595,onc
2596,pass
2597,phlebotomi
2598,sort
2599,poor
2600,dietari
2601,habit
2602,sedentari
2603,sport
2604,geriatr
2605,older
2606,neuropsycholog
2607,confer
2608,gbc
2609,psychosomat
2610,complaint
2611,nevertheless
2612,adjust
2613,dentist
2614,implant
2615,implantolog
2616,dwisi
2617,north
2618,dtp
2619,unabl
2620,linguist
2621,tesol
2622,ma
2623,pain
2624,neurolog
2625,gastrointestin
2626,teamwork
2627,fluent
2628,counselor
2629,advocaci
2630,emphas
2631,wherebi
2632,trauma
2633,psychiatri
2634,cater
2635,eu
2636,overal
2637,neurodevelopment
2638,forum
2639,fee
2640,while
2641,synchron
2642,timet
2643,neuropsychiatr
2644,neurodegener
2645,injuri
2646,neurologist
2647,psychiatr
2648,neuropsychiatri
2649,standpoint
2650,rest
2651,qicn
2652,sinc
2653,2010
2654,neuropsychologist
2655,srcn
2656,squar
2657,unusu
2658,domin
2659,neuromuscular
2660,patriarchi
2661,coloni
2662,bia
2663,apprais
2664,minimis
2665,rowett
2666,emeritu
2667,gut
2668,oldest
2669,comorbid
2670,gastroenterolog
2671,weight
2672,tartu
2673,format
2674,observership
2675,log
2676,stratif
2677,version
2678,traine
2679,pharmacist
2680,radiograph
2681,vet
2682,ophthalmologist
2683,ophthalm
2684,ophthalmolog
2685,moorfield
2686,paul
2687,loss
2688,optometrist
2689,ocular
2690,optometri
2691,secondari
2692,tertiari
2693,ticn
2694,scp
2695,periodontolog
2696,periodont
2697,authent
2698,feedback
2699,pharmaci
2700,interprofession
2701,rp
2702,realist
2703,optimum
2704,predomin
2705,gphc
2706,180
2707,have
2708,gp
2709,robert
2710,gordon
2711,irrespect
2712,inquisit
2713,palli
2714,style
2715,februari
2716,uclan
2717,diversifi
2718,wale
2719,psychopathi
2720,sexual
2721,offend
2722,hear
2723,psychoanalyt
2724,ioppn
2725,psychoanalyst
2726,psychotherapist
2727,psychoanalysi
2728,musculoskelet
2729,chest
2730,other
2731,endors
2732,valid
2733,commend
2734,minim
2735,mclinr
2736,coast
2737,nihr
2738,postdoctor
2739,physicist
2740,nich
2741,workforc
2742,neurosensori
2743,aston
2744,outlin
2745,releas
2746,wound
2747,athlet
2748,randomis
2749,hrb
2750,cork
2751,oversight
2752,streamlin
2753,augment
2754,juli
2755,octob
2756,acbsp
2757,mba
2758,ucw
2759,stride
2760,pragmat
2761,vancouv
2762,mph
2763,facet
2764,biosens
2765,omic
2766,reshap
2767,conclus
2768,john
2769,hopkin
2770,elev
2771,customiz
2772,thermal
2773,mesf
2774,ibtm
2775,mech
2776,aerospac
2777,harvard
2778,chan
2779,apparel
2780,textil
2781,phenomenon
2782,swedish
2783,unsustain
2784,fibr
2785,done
2786,recur
2787,hult
2788,mban
2789,brochur
2790,dive
2791,parallel
2792,eager
2793,800
2794,sonograph
2795,bologna
2796,mag
2797,ing
2798,nat
2799,silv
2800,forestri
2801,ei
2802,distribut
2803,interoper
2804,becam
2805,overwhelm
2806,cloudif
2807,unleash
2808,vehicl
2809,store
2810,southern
2811,africa
2812,asia
2813,pacif
2814,revisit
2815,redefin
2816,emcc
2817,cmi
2818,ilm
2819,prospectu
2820,daytim
2821,ocean
2822,coastlin
2823,map
2824,naval
2825,port
2826,solent
2827,waterway
2828,jurass
2829,dorset
2830,isl
2831,wight
2832,zone
2833,hampshir
2834,sussex
2835,galvan
2836,gsr
2837,parkinson
2838,suffer
2839,represent
2840,assumpt
2841,hardwar
2842,symbol
2843,connection
2844,neuroscientif
2845,strike
2846,cognitv
2847,neuroimag
2848,versatil
2849,probabilist
2850,memori
2851,psychodynam
2852,widen
2853,cbt
2854,check
2855,tier
2856,standardis
2857,hilari
2858,importantli
2859,depress
2860,anxieti
2861,lifetim
2862,nice
2863,reaccredit
2864,babcp
2865,deficit
2866,gerontolog
2867,unbias
2868,matlab
2869,wearabl
2870,scanner
2871,probe
2872,explain
2873,explanatori
2874,causal
2875,decod
2876,color
2877,merit
2878,apc
2879,adept
2880,quantiti
2881,break
2882,cit
2883,focal
2884,frequenc
2885,deeppen
2886,iot
2887,4g
2888,5g
2889,relay
2890,messag
2891,studio
2892,parson
2893,aesthet
2894,typographi
2895,nationwid
2896,swallow
2897,american
2898,asha
2899,psychosoci
2900,delay
2901,campaign
2902,livelihood
2903,poverti
2904,5
2905,journal
2906,fix
2907,wireless
2908,photon
2909,quantum
2910,optic
2911,telecommun
2912,median
2913,center
2914,kasa
2915,document
2916,intrigu
2917,union
2918,realm
2919,user
2920,realli
2921,giant
2922,googl
2923,amazon
2924,facebook
2925,appl
2926,privaci
2927,democrat
2928,mandatori
2929,brim
2930,journalist
2931,lobbi
2932,ideolog
2933,environn
2934,send
2935,email
2936,purchas
2937,tv
2938,adsl
2939,satellit
2940,broadcast
2941,travel
2942,necessarili
2943,induct
2944,multimedia
2945,troubleshoot
2946,iet
2947,ukspec
2948,rail
2949,dsp
2950,localis
2951,ubiquit
2952,intertwin
2953,perfectli
2954,outsid
2955,seiz
2956,occupi
2957,synthesis
2958,district
2959,scphn
2960,midwiv
2961,ceid
2962,multitud
2963,unesco
2964,formerli
2965,scandinavia
2966,substant
2967,amid
2968,triniti
2969,dublin
2970,forc
2971,asian
2972,tiger
2973,bric
2974,brazil
2975,aircraft
2976,technician
2977,compound
2978,fabric
2979,silicon
2980,astronomi
2981,ic
2982,vantag
2983,newsroom
2984,concentr
2985,overlap
2986,synergi
2987,raft
2988,web
2989,abm
2990,unparallel
2991,significantli
2992,automot
2993,ced
2994,oil
2995,defenc
2996,cae
2997,wave
2998,propag
2999,usual
3000,ledger
3001,contagion
3002,quant
3003,hedg
3004,transdisciplinari
3005,cfd
3006,turbomachineri
3007,microflow
3008,exponenti
3009,shorter
3010,clasic
3011,chines
3012,arab
3013,urdu
3014,cmf
3015,probabl
3016,stochast
3017,stabl
3018,converg
3019,universitat
3020,politècnica
3021,de
3022,catalunya
3023,upc
3024,barcelona
3025,spain
3026,vice
3027,versa
3028,psychophys
3029,act
3030,cross
3031,trove
3032,workstat
3033,kit
3034,convey
3035,104k
3036,circuit
3037,reliabl
3038,superscalar
3039,microprocessor
3040,vlsi
3041,asic
3042,processor
3043,multiprocessor
3044,cybercrim
3045,polic
3046,familiaris
3047,honour
3048,iggi
3049,princeton
3050,ubisoft
3051,soni
3052,ea
3053,rockstar
3054,ladder
3055,graphic
3056,geometri
3057,server
3058,virtualis
3059,cisco
3060,attack
3061,bc
3062,leonardo
3063,vodafon
3064,vmware
3065,packet
3066,tracer
3067,wireshark
3068,former
3069,expans
3070,reopen
3071,1st
3072,grenobl
3073,alp
3074,informatiqu
3075,french
3076,out
3077,feel
3078,jku
3079,pervas
3080,premier
3081,tenur
3082,1000
3083,roughli
3084,650
3085,300
3086,80
3087,crowd
3088,staffordshir
3089,pivot
3090,last
3091,littl
3092,tri
3093,confirm
3094,appetit
3095,aptitud
3096,malici
3097,intercept
3098,cyberspac
3099,isol
3100,neutralis
3101,intrus
3102,brilliant
3103,perhap
3104,bu
3105,wonder
3106,1969
3107,ict
3108,switch
3109,feed
3110,hewlett
3111,packard
3112,bt
3113,parker
3114,hannifin
3115,kellkoo
3116,mostli
3117,intranet
3118,startup
3119,foresight
3120,canva
3121,mfin
3122,cfo
3123,shift
3124,mib
3125,mim
3126,got
3127,signatur
3128,orbit
3129,collid
3130,character
3131,dealt
3132,acclaim
3133,besid
3134,algebra
3135,mainli
3136,pure
3137,maxillofaci
3138,prosthetist
3139,prosthodontist
3140,intra
3141,facial
3142,mechatron
3143,editori
3144,output
3145,vacanc
3146,emir
3147,ministri
3148,dubai
3149,cs
3150,accl
3151,borg
3152,vccimag
3153,csg
3154,august
3155,deepli
3156,tech
3157,satisfi
3158,deadlin
3159,auckland
3160,75
3161,contractor
3162,holloway
3163,11th
3164,2014
3165,crave
3166,immens
3167,entertain
3168,forese
3169,sabancı
3170,kennedi
3171,rkc
3172,onlinecampu
3173,offens
3174,99
3175,microsoft
3176,siemen
3177,their
3178,omnipres
3179,proven
3180,colleagu
3181,publish
3182,hack
3183,biometr
3184,techhealth
3185,acknowledg
3186,familiar
3187,monthli
3188,42
3189,2019
3190,elit
3191,upgrad
3192,socialis
3193,score
3194,grew
3195,54
3196,billion
3197,annual
3198,statista
3199,reap
3200,tremend
3201,2025
3202,touch
3203,miniaturis
3204,instead
3205,cryptographi
3206,retrain
3207,click
3208,button
3209,wareh
3210,widest
3211,onward
3212,tef
3213,gold
3214,anticip
3215,bespok
3216,fata
3217,gist
3218,aka
3219,hci
3220,ida
3221,glass
3222,ccse
3223,unintend
3224,unauthoris
3225,easili
3226,90
3227,constraint
3228,unrel
3229,oracl
3230,prestress
3231,industrialist
3232,calendar
3233,battlefield
3234,warfar
3235,interrog
3236,prehistor
3237,fieldtrip
3238,resolut
3239,charact
3240,cav
3241,ad
3242,road
3243,interlink
3244,variant
3245,room
3246,penryn
3247,cornwal
3248,wildlif
3249,woodland
3250,grassland
3251,moor
3252,endang
3253,nativ
3254,zealand
3255,extinct
3256,alarm
3257,biologist
3258,worthwhil
3259,battl
3260,untold
3261,hope
3262,so
3263,rais
3264,shadow
3265,parastat
3266,nelson
3267,mandela
3268,arusha
3269,tanzania
3270,saw
3271,1960
3272,stewardship
3273,philosoph
3274,bench
3275,prosthodont
3276,registrar
3277,sigma
3278,disput
3279,entrant
3280,incept
3281,lidar
3282,drone
3283,bartlett
3284,arbitr
3285,adjud
3286,claim
3287,litig
3288,liabil
3289,prioritis
3290,underscor
3291,neighbourhood
3292,11
3293,smooth
3294,conduit
3295,travaux
3296,esct
3297,vincenn
3298,pari
3299,overse
3300,accommod
3301,builder
3302,ciob
3303,abreast
3304,arcadi
3305,arup
3306,mott
3307,macdonald
3308,ltd
3309,cornerston
3310,lake
3311,park
3312,inevit
3313,hurdl
3314,cabe
3315,qsi
3316,mace
3317,willmott
3318,dixon
3319,bam
3320,tend
3321,toxic
3322,corona
3323,microbiom
3324,chmi
3325,scene
3326,sit
3327,durham
3328,audit
3329,premium
3330,macroeconom
3331,microeconom
3332,pair
3333,5th
3334,alcohol
3335,psychoact
3336,substanc
3337,cold
3338,inaugur
3339,harmoni
3340,old
3341,rivalri
3342,nationalist
3343,retrench
3344,is
3345,liber
3346,democraci
3347,humankind
3348,twentieth
3349,burgeon
3350,strand
3351,selfhood
3352,brought
3353,postmodern
3354,scrutini
3355,race
3356,ethnic
3357,religion
3358,gender
3359,diffus
3360,estat
3361,packag
3362,aeronaut
3363,benefici
3364,reactor
3365,inclin
3366,microsystem
3367,cmm
3368,microchip
3369,microsensor
3370,layout
3371,quantif
3372,cipr
3373,rescourc
3374,exit
3375,stellar
3376,budget
3377,ipo
3378,payout
3379,sharehold
3380,moral
3381,csr
3382,umbrella
3383,describ
3384,permeat
3385,rpl
3386,fragranc
3387,themat
3388,coher
3389,hair
3390,cosmolog
3391,astrophys
3392,bacp
3393,counsellor
3394,suggest
3395,canada
3396,usa
3397,widespread
3398,pluralist
3399,absorb
3400,bangor
3401,humanist
3402,gestalt
3403,psychotherapeut
3404,terrorist
3405,counter
3406,violent
3407,panel
3408,enforc
3409,extremist
3410,crime
3411,counterterror
3412,combat
3413,profound
3414,cranfield
3415,hsp
3416,intricaci
3417,consciou
3418,lhd
3419,cpe
3420,movi
3421,listen
3422,festiv
3423,winchest
3424,wsa
3425,administ
3426,atla
3427,hail
3428,fiction
3429,poetri
3430,writer
3431,frame
3432,spreadsheet
3433,geoloc
3434,blur
3435,pursuit
3436,criminalis
3437,criminolog
3438,violenc
3439,victimolog
3440,pervad
3441,contest
3442,arrest
3443,crimin
3444,sarah
3445,everard
3446,liam
3447,allen
3448,alik
3449,murder
3450,fraud
3451,penal
3452,cj
3453,pose
3454,devianc
3455,punish
3456,qualit
3457,dissemin
3458,criminologist
3459,probat
3460,sunday
3461,cardiff
3462,penalis
3463,fairer
3464,exacerb
3465,argument
3466,victim
3467,hate
3468,evil
3469,aberystwyth
3470,deviat
3471,interced
3472,overseen
3473,metoo
3474,consent
3475,victimis
3476,oppress
3477,goe
3478,border
3479,command
3480,remit
3481,manmad
3482,planner
3483,simex
3484,writtl
3485,conscienti
3486,200
3487,hectar
3488,glasshous
3489,postharvest
3490,horticultur
3491,grower
3492,harvest
3493,sale
3494,concert
3495,mega
3496,arrang
3497,venu
3498,stadia
3499,uniform
3500,culinari
3501,birkbeck
3502,le
3503,cordon
3504,bleu
3505,famou
3506,fring
3507,firebal
3508,stonehaven
3509,uphelia
3510,shetland
3511,cullen
3512,skink
3513,articl
3514,exhibit
3515,interrelationship
3516,etho
3517,tight
3518,articul
3519,crb
3520,ucc
3521,compli
3522,pool
3523,eit
3524,stolen
3525,compromis
3526,ncsc
3527,certifi
3528,exet
3529,currenc
3530,mini
3531,immin
3532,eas
3533,paramount
3534,massiv
3535,theft
3536,incid
3537,tie
3538,aerodynam
3539,propuls
3540,flight
3541,livestock
3542,schedul
3543,pave
3544,multisensor
3545,autonomi
3546,rotat
3547,backdrop
3548,biodata
3549,biotherapeut
3550,latter
3551,illeg
3552,react
3553,breach
3554,26
3555,feb
3556,wherea
3557,artefact
3558,laptop
3559,card
3560,hard
3561,prosecut
3562,twin
3563,hacker
3564,court
3565,pwc
3566,cryptograph
3567,buckinghamshir
3568,wycomb
3569,25
3570,cyberterror
3571,own
3572,byod
3573,cyod
3574,advent
3575,prolifer
3576,dilut
3577,perimet
3578,sensit
3579,computeris
3580,digitis
3581,grown
3582,rival
3583,occur
3584,unfortun
3585,meter
3586,fridg
3587,voic
3588,driverless
3589,cyberpsycholog
3590,linköp
3591,cyberlaw
3592,cyberattack
3593,leap
3594,1985
3595,gw
3596,paradigm
3597,ex
3598,recogn
3599,96
3600,hostil
3601,nyit
3602,household
3603,item
3604,grid
3605,countermeasur
3606,weak
3607,tap
3608,manoeuvr
3609,personnel
3610,charg
3611,danc
3612,dancer
3613,biopsychosoci
3614,mckinsey
3615,rebuild
3616,non
3617,gss
3618,specifi
3619,buri
3620,drawn
3621,laud
3622,headcount
3623,wagon
3624,bootcamp
3625,miss
3626,mere
3627,digest
3628,plethora
3629,160
3630,blau
3631,2015
3632,columbu
3633,trajectori
3634,uncov
3635,blind
3636,drown
3637,tsunami
3638,dub
3639,2012
3640,28
3641,summaris
3642,ani
3643,buy
3644,machineri
3645,unfil
3646,instanc
3647,government
3648,natwest
3649,sparta
3650,ski
3651,meme
3652,weather
3653,shop
3654,garner
3655,accumul
3656,overhelm
3657,tendenc
3658,nugget
3659,leaflet
3660,imt
3661,atlantiqu
3662,nant
3663,hefc
3664,artwork
3665,proport
3666,ingenu
3667,simplest
3668,intim
3669,ecommerc
3670,cite
3671,propel
3672,routin
3673,stretch
3674,ml
3675,wrangl
3676,8
3677,unstructur
3678,enthusiasm
3679,willing
3680,chatbot
3681,fuzzi
3682,aviat
3683,someth
3684,clever
3685,faster
3686,344
3687,2013
3688,inde
3689,77
3690,say
3691,hsbc
3692,tracker
3693,cent
3694,pinpoint
3695,tank
3696,97
3697,supplementari
3698,deliver
3699,ioc
3700,nanochemistri
3701,contextu
3702,taper
3703,peak
3704,notat
3705,nanobio
3706,novic
3707,sql
3708,fore
3709,hypothet
3710,factual
3711,prison
3712,prosper
3713,240
3714,routeway
3715,collat
3716,curat
3717,turkey
3718,hal
3719,varian
3720,chief
3721,amplifi
3722,marginalis
3723,wick
3724,adher
3725,dip
3726,idsai
3727,intelligenc
3728,opinion
3729,netherland
3730,corvinu
3731,budapest
3732,hungari
3733,cee
3734,doubl
3735,lund
3736,legaci
3737,universidad
3738,chile
3739,santiago
3740,ug
3741,lusem
3742,shanghai
3743,monetari
3744,spent
3745,fudan
3746,reorganis
3747,impli
3748,incom
3749,göttingen
3750,università
3751,cattolica
3752,del
3753,sacro
3754,cuor
3755,ucsc
3756,milan
3757,underlin
3758,thoroughli
3759,mad
3760,tactic
3761,doe
3762,münster
3763,bi
3764,norwegian
3765,oslo
3766,decarbonis
3767,decarbonisation1
3768,decoloni
3769,epistemolog
3770,geopolit
3771,golden
3772,decommiss
3773,properli
3774,headquart
3775,wear
3776,civilian
3777,firmli
3778,seven
3779,expertli
3780,dsdc
3781,pitfal
3782,reform
3783,demographi
3784,cohes
3785,cologn
3786,densiti
3787,demolit
3788,hei
3789,where
3790,mclindent
3791,salford
3792,ice
3793,gdc
3794,appear
3795,subtract
3796,arguabl
3797,sir
3798,michael
3799,marmot
3800,inher
3801,metropolitan
3802,necessit
3803,conferenc
3804,pc
3805,mirror
3806,kingdom
3807,reus
3808,cwater
3809,speak
3810,setup
3811,campus
3812,leisur
3813,assessor
3814,cibs
3815,refram
3816,cheaper
3817,shortest
3818,prototyp
3819,weigh
3820,industrialis
3821,shall
3822,temporari
3823,reconvers
3824,gastronom
3825,recycl
3826,tangibl
3827,pedagog
3828,comprehend
3829,enquiri
3830,compel
3831,premis
3832,medium
3833,groundwork
3834,influenti
3835,snid
3836,intersector
3837,diversif
3838,tension
3839,nuanc
3840,scarc
3841,poorest
3842,failur
3843,soa
3844,breakdown
3845,depriv
3846,trap
3847,fail
3848,bandung
3849,twelv
3850,indonesia
3851,famin
3852,undermin
3853,mdp
3854,secretariat
3855,columbia
3856,york
3857,seed
3858,round
3859,pillar
3860,insecur
3861,wealthi
3862,arriv
3863,tab
3864,neurobiolog
3865,els
3866,lose
3867,bilingu
3868,dclinpsi
3869,infanc
3870,neurodivers
3871,pop
3872,hippi
3873,sixti
3874,ta
3875,thsese
3876,http
3877,supplement
3878,occasion
3879,romania
3880,elsewher
3881,idf
3882,552
3883,2030
3884,stagger
3885,642
3886,2040
3887,renal
3888,inact
3889,allevi
3890,vascular
3891,hcpc
3892,scan
3893,fun
3894,bnu
3895,fantast
3896,berkshir
3897,oxford
3898,scor
3899,dietet
3900,dietitian
3901,nutritionist
3902,rdn
3903,pgd
3904,dietician
3905,reusabl
3906,rocket
3907,pois
3908,grappl
3909,restrict
3910,roadmap
3911,mileston
3912,bigger
3913,pictur
3914,shown
3915,despair
3916,digniti
3917,understood
3918,dysfunct
3919,approx
3920,2050
3921,ghg
3922,simplifi
3923,subscript
3924,finder
3925,indisput
3926,gase
3927,entranc
3928,anthropologist
3929,alter
3930,orthodoxi
3931,audio
3932,everyon
3933,banker
3934,win
3935,materialis
3936,sap
3937,masterclass
3938,frontrunn
3939,ambigu
3940,motorway
3941,nowaday
3942,finalis
3943,profoundli
3944,2006
3945,richli
3946,fintech
3947,revers
3948,courtroom
3949,ccl
3950,calibr
3951,said
3952,zawya
3953,seventh
3954,worth
3955,sibl
3956,catalyst
3957,nanomateri
3958,preciou
3959,metal
3960,stronger
3961,mediawork
3962,loyalti
3963,71
3964,faq
3965,money
3966,plenti
3967,harder
3968,seo
3969,grip
3970,climb
3971,easier
3972,buyer
3973,curv
3974,footstep
3975,hootsuit
3976,l
3977,oreal
3978,edf
3979,wherev
3980,92
3981,stirl
3982,sociocultur
3983,motion
3984,sotfwar
3985,wilson
3986,fletcher
3987,kickstart
3988,diplomaci
3989,umbil
3990,villag
3991,dissect
3992,visibl
3993,invis
3994,loughborough
3995,lul
3996,lcf
3997,fewer
3998,volunt
3999,hu
4000,diminish
4001,plung
4002,relief
4003,avert
4004,prepared
4005,isfg
4006,swgdam
4007,exce
4008,drill
4009,dosag
4010,tablet
4011,inject
4012,patch
4013,antimicrobi
4014,strain
4015,metabolis
4016,batch
4017,cro
4018,d
4019,pharmacogenom
4020,ich
4021,frontlin
4022,pharma
4023,sandwich
4024,pharmacokinet
4025,pharmacodynam
4026,sygnatur
4027,glaxosmithklin
4028,rsci
4029,vivo
4030,apu
4031,japan
4032,imat
4033,everybodi
4034,ritsumeikan
4035,ifa
4036,trier
4037,birkenfeld
4038,testimoni
4039,anna
4040,freud
4041,psychosi
4042,symptom
4043,psychot
4044,15th
4045,18th
4046,religi
4047,chronolog
4048,midwif
4049,visitor
4050,scarciti
4051,geolog
4052,geoscienc
4053,geohazard
4054,georesourc
4055,geomateri
4056,anthropocen
4057,activist
4058,geoinform
4059,geospati
4060,ers
4061,geophys
4062,subsurfac
4063,reservoir
4064,red
4065,rift
4066,volcano
4067,vanuatu
4068,chatham
4069,island
4070,erupt
4071,wanganui
4072,basin
4073,terrac
4074,river
4075,aquif
4076,groundwat
4077,eros
4078,rock
4079,quantifi
4080,magnitud
4081,flux
4082,tell
4083,palaeobiolog
4084,palaeoclimatolog
4085,plate
4086,tecton
4087,volcan
4088,shake
4089,tabl
4090,ukcric
4091,load
4092,seismolog
4093,catastroph
4094,korea
4095,pest
4096,silwood
4097,trace
4098,deforest
4099,discours
4100,disturb
4101,coat
4102,airplan
4103,ceram
4104,graphen
4105,multimod
4106,northernmost
4107,astronom
4108,kapteyn
4109,galaxi
4110,star
4111,neutron
4112,black
4113,hole
4114,cosmic
4115,came
4116,insepar
4117,info
4118,hochschul
4119,freseniu
4120,classif
4121,plymouth
4122,mla
4123,cmareng
4124,imarest
4125,intersection
4126,sutherland
4127,trimest
4128,150
4129,bioresourc
4130,liquid
4131,thrill
4132,aacsb
4133,amba
4134,lucki
4135,sick
4136,unwel
4137,hrm
4138,larger
4139,sixth
4140,man
4141,68
4142,1970
4143,overexploit
4144,destruct
4145,invas
4146,rsk
4147,2011
4148,ecologist
4149,conservationist
4150,stun
4151,vu
4152,amsterdam
4153,fungal
4154,bird
4155,migrat
4156,subarct
4157,rainforest
4158,assimil
4159,lack
4160,biogeographi
4161,landcar
4162,agresearch
4163,niwa
4164,nz
4165,acidif
4166,illustr
4167,mathematician
4168,window
4169,extent
4170,recess
4171,dutch
4172,variabl
4173,infer
4174,ed
4175,g
4176,wiso
4177,cluster
4178,unequ
4179,compil
4180,canid
4181,thier
4182,keynesian
4183,marxist
4184,structuralist
4185,heterodox
4186,neoclass
4187,micro
4188,2008
4189,cataclysm
4190,shatter
4191,shockwav
4192,none
4193,irrevoc
4194,obvious
4195,keio
4196,tokyo
4197,universität
4198,hamburg
4199,attach
4200,gradual
4201,dsge
4202,shorten
4203,director
4204,free
4205,oulu
4206,econ
4207,masteri
4208,preliminari
4209,brexit
4210,bedroom
4211,tax
4212,wage
4213,homeless
4214,lasso
4215,random
4216,learnt
4217,granger
4218,winner
4219,alumnu
4220,clive
4221,interlinkag
4222,amaz
4223,esteem
4224,wake
4225,entireti
4226,interfer
4227,suffic
4228,unemploy
4229,stagnat
4230,restructur
4231,cptpp
4232,devot
4233,intergovernment
4234,stock
4235,bias
4236,prone
4237,heavi
4238,sgpe
4239,cisi
4240,transferr
4241,actor
4242,fact
4243,pick
4244,fli
4245,critiqu
4246,label
4247,citizenship
4248,reject
4249,sociotechn
4250,trainer
4251,pgce
4252,upbring
4253,moray
4254,educationalist
4255,scholarli
4256,multilingu
4257,translanguag
4258,licensur
4259,remark
4260,into
4261,headship
4262,cultiv
4263,ioe
4264,strenght
4265,wind
4266,sun
4267,vehicular
4268,topolog
4269,ece
4270,portion
4271,bound
4272,36
4273,cumul
4274,gpa
4275,hon
4276,lay
4277,microcontrol
4278,fpga
4279,horticulturist
4280,nutriti
4281,matur
4282,changer
4283,desktop
4284,meticul
4285,calcul
4286,proof
4287,grassroot
4288,refuge
4289,23
4290,radboud
4291,distinctli
4292,organism
4293,walk
4294,donder
4295,inter
4296,zoom
4297,electrif
4298,drastic
4299,hybrid
4300,co2
4301,photovolta
4302,turbin
4303,biofuel
4304,committe
4305,nanostructur
4306,electromagnet
4307,rf
4308,microwav
4309,98
4310,mem
4311,universit
4312,libr
4313,bruxel
4314,ulb
4315,opt
4316,antenna
4317,offshor
4318,3rd
4319,electrochem
4320,electrochemistri
4321,lower
4322,transmit
4323,inhabit
4324,pull
4325,nanoelectron
4326,esdc
4327,compact
4328,phone
4329,helplin
4330,gate
4331,optoelectron
4332,bioelectron
4333,polym
4334,micromachin
4335,laser
4336,audiovisu
4337,cinema
4338,hierarchi
4339,fusion
4340,nanofabr
4341,microform
4342,actuat
4343,subsystem
4344,mbda
4345,centrica
4346,abb
4347,samsung
4348,bae
4349,seamless
4350,pentagon
4351,rugbi
4352,footbal
4353,leagu
4354,hockey
4355,tenni
4356,basketbal
4357,backup
4358,consol
4359,applianc
4360,aeroplan
4361,chip
4362,petrochem
4363,refineri
4364,reveal
4365,bereav
4366,durrel
4367,chat
4368,endodont
4369,endodontolog
4370,tooth
4371,pulp
4372,canal
4373,behalf
4374,eb
4375,fossil
4376,symbiot
4377,bioenergi
4378,cogener
4379,fission
4380,municip
4381,intermedi
4382,provinc
4383,esri
4384,westburi
4385,manhattan
4386,weekend
4387,lng
4388,erp
4389,ment
4390,thermodynam
4391,geomechan
4392,eor
4393,geotherm
4394,ccu
4395,cmu
4396,est
4397,p
4398,timescal
4399,hinder
4400,inclu
4401,combust
4402,etm
4403,circl
4404,commod
4405,lct
4406,rgu
4407,anthropogen
4408,carnegi
4409,mellon
4410,etim
4411,acuiti
4412,plane
4413,helicopt
4414,glider
4415,exd
4416,interim
4417,furnish
4418,enae
4419,washington
4420,cast
4421,nba
4422,abet
4423,inlin
4424,transpar
4425,smarter
4426,33
4427,tuition
4428,agil
4429,ownership
4430,emlyon
4431,compassion
4432,gdpr
4433,iapp
4434,appoint
4435,sharper
4436,bsbi
4437,immunologist
4438,transplant
4439,immunodiagnost
4440,pilot
4441,fairli
4442,shortlist
4443,universita
4444,telematica
4445,internazional
4446,uninettuno
4447,cpt
4448,hydrodynam
4449,mobilis
4450,geologist
4451,onshor
4452,tunnel
4453,dam
4454,quarri
4455,advers
4456,sponsor
4457,saunder
4458,benchmark
4459,viewpoint
4460,whatuni
4461,14th
4462,elus
4463,meta
4464,remaind
4465,exact
4466,retir
4467,jobsit
4468,imech
4469,bottom
4470,babcock
4471,gkn
4472,airbu
4473,doorstep
4474,smartest
4475,côte
4476,azur
4477,imredd
4478,manuscript
4479,renaiss
4480,letter
4481,semant
4482,corpora
4483,phonolog
4484,syntax
4485,variat
4486,1900
4487,modernis
4488,ts
4489,eliot
4490,ezra
4491,joyc
4492,virginia
4493,woolf
4494,eighteenth
4495,nineteenth
4496,genr
4497,prose
4498,gloriou
4499,1688
4500,victorian
4501,matern
4502,radiotherapi
4503,modal
4504,solver
4505,outset
4506,intrapreneur
4507,heavili
4508,entomolog
4509,insect
4510,subset
4511,harper
4512,2018
4513,xjtlu
4514,self
4515,persist
4516,relish
4517,owner
4518,effectu
4519,collegi
4520,efmd
4521,spot
4522,california
4523,sutardja
4524,x
4525,m01
4526,m02
4527,serial
4528,capitalist
4529,founder
4530,threaten
4531,lot
4532,abid
4533,politicis
4534,blue
4535,autumn
4536,feasibl
4537,deplet
4538,erm
4539,injustic
4540,enact
4541,amblesid
4542,iema
4543,liveabl
4544,mesc
4545,subsist
4546,contamin
4547,freshwat
4548,terrestri
4549,ecg
4550,desertif
4551,rainfal
4552,gown
4553,surpris
4554,disruptor
4555,microplast
4556,physicochem
4557,paramet
4558,despid
4559,certainti
4560,biomark
4561,bioassay
4562,landfil
4563,dwindl
4564,judg
4565,70
4566,wastewat
4567,neutral
4568,ciwem
4569,ciwm
4570,iagr
4571,regularli
4572,lthe
4573,ecospher
4574,msim
4575,radiobiolog
4576,ionis
4577,repertoir
4578,ingeni
4579,neuron
4580,far
4581,supercomput
4582,particl
4583,inner
4584,smallest
4585,atom
4586,condens
4587,eess
4588,refocu
4589,hunter
4590,essay
4591,hydrospher
4592,tempor
4593,receptor
4594,hydrolog
4595,geochemistri
4596,paleoecolog
4597,compart
4598,speciat
4599,isotop
4600,biogeochemistri
4601,estonian
4602,egacc
4603,fatal
4604,landslid
4605,cieh
4606,miner
4607,eia
4608,struggl
4609,brook
4610,radioisotop
4611,polytunnel
4612,topograph
4613,footprint
4614,affin
4615,trilemma
4616,gradiema
4617,piema
4618,pad
4619,breath
4620,exert
4621,neg
4622,viva
4623,voce
4624,glacier
4625,huddersfield
4626,deduct
4627,bremen
4628,cryospher
4629,iup
4630,alfr
4631,wegen
4632,polar
4633,bremerhaven
4634,awi
4635,epsm
4636,hydrocarbon
4637,ecotoxicolog
4638,ens
4639,plagu
4640,mscre
4641,kaiserslautern
4642,landau
4643,env
4644,priorit
4645,naturalist
4646,florist
4647,faunist
4648,80k
4649,compat
4650,1999
4651,64
4652,poster
4653,symposium
4654,occurr
4655,hors
4656,equestrian
4657,unibuddi
4658,essex
4659,chelmsford
4660,liaison
4661,veterinarian
4662,2005
4663,russel
4664,conveni
4665,timefram
4666,ist
4667,novelti
4668,undeni
4669,europhoton
4670,maynooth
4671,andrew
4672,lorrain
4673,nanci
4674,franc
4675,eur
4676,emjmd
4677,nanomet
4678,nanoscal
4679,nanos
4680,egovern
4681,interunivers
4682,tccm
4683,ku
4684,leuven
4685,autónoma
4686,madrid
4687,gchq
4688,14
4689,deusto
4690,bilbao
4691,audencia
4692,spanish
4693,bradford
4694,bocconi
4695,split
4696,manifest
4697,nordic
4698,innumer
4699,prehistori
4700,archmat
4701,evora
4702,portug
4703,aristotl
4704,thessaloniki
4705,sapienza
4706,avignon
4707,palermo
4708,turin
4709,polytechn
4710,burgo
4711,gent
4712,gurion
4713,negev
4714,israel
4715,al
4716,farabi
4717,kazakh
4718,museo
4719,dell
4720,civiltà
4721,lisbon
4722,ethnolog
4723,sao
4724,paulo
4725,mater
4726,aragon
4727,zaragoza
4728,ormylia
4729,jerusalem
4730,guowenyan
4731,cult
4732,fondazion
4733,flaminia
4734,ravenna
4735,archaeometri
4736,arl
4737,transvers
4738,emec
4739,ntnu
4740,nlp
4741,henc
4742,hva
4743,po
4744,youngest
4745,cle
4746,spectacular
4747,testabl
4748,changeabl
4749,phenotyp
4750,hypothesi
4751,breed
4752,zurich
4753,stackabl
4754,insead
4755,emc
4756,pride
4757,emfin
4758,absenc
4759,empa
4760,22
4761,emml
4762,16
4763,diplomat
4764,flashpoint
4765,wisdom
4766,conceiv
4767,antidot
4768,prescrib
4769,partli
4770,tranquil
4771,georg
4772,falcon
4773,eagl
4774,habitu
4775,apparatu
4776,booth
4777,outlet
4778,street
4779,crescendo
4780,revolv
4781,exposit
4782,pleasur
4783,adventur
4784,beaten
4785,advert
4786,hcp
4787,wilder
4788,expedit
4789,outreach
4790,taphonom
4791,workload
4792,nomin
4793,verbal
4794,camborn
4795,csm
4796,deposit
4797,geoscientif
4798,orebodi
4799,genesi
4800,geochem
4801,geoasset
4802,geophysicist
4803,graviti
4804,retent
4805,nongovernment
4806,aup
4807,afternoon
4808,saturday
4809,multicultur
4810,underdevelop
4811,ordnanc
4812,eoe
4813,attende
4814,servant
4815,jungl
4816,desert
4817,hot
4818,sudden
4819,onset
4820,façad
4821,envelop
4822,cwct
4823,pte
4824,grad
4825,accessori
4826,shoe
4827,jewelri
4828,handbag
4829,hat
4830,icon
4831,tast
4832,jewelleri
4833,footwear
4834,eyewear
4835,wherein
4836,slowdown
4837,redress
4838,sold
4839,homewar
4840,yoga
4841,exemplifi
4842,truer
4843,synonym
4844,traceabl
4845,garment
4846,reinvent
4847,neglect
4848,galleri
4849,auteur
4850,serious
4851,filmmak
4852,1987
4853,broker
4854,lingnan
4855,hong
4856,kong
4857,perpetu
4858,cima
4859,macro
4860,mismatch
4861,loan
4862,owe
4863,stringent
4864,trader
4865,irish
4866,peel
4867,manchest
4868,height
4869,midterm
4870,proxim
4871,valley
4872,m4
4873,corridor
4874,heathrow
4875,airport
4876,bonu
4877,accompani
4878,cement
4879,bond
4880,mould
4881,obviou
4882,lend
4883,dmu
4884,depositor
4885,elimin
4886,affluenti
4887,conquer
4888,revolutionari
4889,cryptocurr
4890,prgx
4891,mayfair
4892,santand
4893,nomura
4894,gallagh
4895,mohan
4896,bonus
4897,eikon
4898,pension
4899,toolbox
4900,garp
4901,cbok
4902,reuter
4903,1973
4904,thomson
4905,bureau
4906,van
4907,dijk
4908,ceo
4909,datastream
4910,bvd
4911,orbi
4912,zephyr
4913,stata
4914,vba
4915,fortun
4916,ernst
4917,coca
4918,cola
4919,hbc
4920,chase
4921,roland
4922,berger
4923,progamm
4924,exempt
4925,pe
4926,cash
4927,frm
4928,sovereign
4929,debt
4930,cbi
4931,imc
4932,strategist
4933,55
4934,8th
4935,2004
4936,reaction
4937,shock
4938,barclay
4939,season
4940,treasuri
4941,2007
4942,2009
4943,actuari
4944,eleg
4945,tu
4946,islam
4947,tripl
4948,crown
4949,flier
4950,dunde
4951,hull
4952,nike
4953,relentless
4954,billionth
4955,metr
4956,neurodegen
4957,cn
4958,efficaci
4959,neuropharmacolog
4960,evermor
4961,onli
4962,discret
4963,cef
4964,return
4965,undergon
4966,counterpart
4967,unexpect
4968,hottest
4969,cbdc
4970,bitcoin
4971,hackathon
4972,liter
4973,neither
4974,strategis
4975,payment
4976,canari
4977,wharf
4978,crowdfund
4979,alipay
4980,borrow
4981,juggernaut
4982,cryptoasset
4983,token
4984,jba
4985,agrienergi
4986,agribusi
4987,fam
4988,escola
4989,propaganda
4990,espm
4991,decemb
4992,b2c
4993,b2b
4994,são
4995,befor
4996,agro
4997,eec
4998,skype
4999,brazilian
5000,ambr
5001,abag
5002,crédit
5003,agricol
5004,terrena
5005,invivo
5006,olmix
5007,avril
5008,underl
5009,kitchen
5010,ingredi
5011,wholesom
5012,enorm
5013,spoilag
5014,microbiota
5015,lowest
5016,launchpad
5017,modifi
5018,metric
5019,edibl
5020,nourish
5021,agrifood
5022,flower
5023,cattl
5024,thread
5025,foodborn
5026,adulter
5027,haccp
5028,dick
5029,sv
5030,roslin
5031,600
5032,morbid
5033,heighten
5034,weekday
5035,fao
5036,fdl
5037,preconcept
5038,elca
5039,fulltim
5040,fdsc
5041,8910
5042,nutr
5043,8100
5044,8510
5045,8030
5046,stat
5047,8010
5048,receipt
5049,fifa
5050,fma
5051,wrong
5052,evidenti
5053,genocid
5054,firearm
5055,ammunit
5056,ballist
5057,suspect
5058,custodi
5059,cbrn
5060,pre
5061,blast
5062,constabulari
5063,md
5064,criteria
5065,uw
5066,decept
5067,sentenc
5068,her
5069,majesti
5070,hmmp
5071,dfp
5072,count
5073,chartership
5074,myth
5075,bust
5076,glamoris
5077,offenc
5078,spectrometri
5079,plasma
5080,icpm
5081,traffic
5082,unconsci
5083,juror
5084,judici
5085,accuraci
5086,lancashir
5087,nucleu
5088,regim
5089,endur
5090,traumat
5091,angl
5092,unpack
5093,argu
5094,enthusiast
5095,casework
5096,bioarchaeolog
5097,ecotour
5098,timber
5099,reintroduct
5100,canadian
5101,decreas
5102,fpf
5103,mbb
5104,kpmg
5105,refriger
5106,fameai
5107,airlin
5108,innermost
5109,italian
5110,furnitur
5111,reconsid
5112,efi
5113,nanoengin
5114,c
5115,vr
5116,83
5117,125k
5118,veteran
5119,videogam
5120,aaa
5121,franchis
5122,crysi
5123,battlefront
5124,prey
5125,sniper
5126,alien
5127,vs
5128,predat
5129,bioshock
5130,playstat
5131,uniti
5132,pro
5133,unreal
5134,maya
5135,inkub
5136,jam
5137,rig
5138,ar
5139,mr
5140,gamif
5141,xr
5142,mediac
5143,wire
5144,pump
5145,circul
5146,fullest
5147,femin
5148,men
5149,masculin
5150,subvert
5151,theoris
5152,feminist
5153,queer
5154,genealog
5155,archivist
5156,paraleg
5157,historian
5158,librarian
5159,multimorbid
5160,migrant
5161,anticipatori
5162,patent
5163,correl
5164,brighton
5165,multiom
5166,manawatu
5167,multifactori
5168,trait
5169,epigenom
5170,vista
5171,epigenet
5172,dr
5173,david
5174,pryce
5175,suscept
5176,geoscientist
5177,wa
5178,mar
5179,geoenergi
5180,sanit
5181,13
5182,census
5183,imageri
5184,gima
5185,cartographi
5186,pin
5187,cartograph
5188,instantli
5189,gloucestershir
5190,itc
5191,geoinformat
5192,geomat
5193,terrain
5194,biota
5195,bee
5196,cire
5197,arctic
5198,alpin
5199,instaar
5200,lasp
5201,astrobiolog
5202,emarc
5203,ore
5204,volcanolog
5205,palaeontolog
5206,palaeoclim
5207,thirti
5208,hurrican
5209,subsoil
5210,kilomet
5211,foreseen
5212,laurea
5213,magistral
5214,layer
5215,alert
5216,bear
5217,beneath
5218,geodynam
5219,cabl
5220,subsid
5221,geometr
5222,underground
5223,corner
5224,iom3
5225,licenc
5226,embank
5227,deform
5228,compress
5229,inadequ
5230,tail
5231,elderli
5232,western
5233,seamlessli
5234,younger
5235,selv
5236,glaciolog
5237,glaciologist
5238,antarct
5239,glaciat
5240,lew
5241,down
5242,biospher
5243,eagerli
5244,moscow
5245,valencia
5246,wilmington
5247,iqvia
5248,gsk
5249,contradictori
5250,gcp
5251,gmbpss
5252,keyword
5253,enshrin
5254,gan
5255,nanosc
5256,cleanroom
5257,esa
5258,dozen
5259,foci
5260,treati
5261,foot
5262,cisd
5263,gep
5264,latitud
5265,cabot
5266,likemind
5267,prizewin
5268,nri
5269,urgenc
5270,seem
5271,marcu
5272,doel
5273,angharad
5274,closs
5275,stephen
5276,reviv
5277,amanda
5278,roger
5279,congress
5280,gemba
5281,singapor
5282,abu
5283,dhabi
5284,floor
5285,carv
5286,795
5287,undernourish
5288,glofor
5289,decolonis
5290,narr
5291,cathol
5292,hasselt
5293,antwerp
5294,sociopolit
5295,influenza
5296,tb
5297,leprosi
5298,brucellosi
5299,insulin
5300,1923
5301,hunger
5302,overlook
5303,forth
5304,orthodox
5305,accus
5306,witchcraft
5307,curs
5308,exorc
5309,impetu
5310,cosmopolitan
5311,pregnanc
5312,wellcom
5313,geneva
5314,moment
5315,specul
5316,though
5317,ghrm
5318,interconnected
5319,cipd
5320,gid
5321,beij
5322,rca
5323,weaken
5324,march
5325,adelaid
5326,australia
5327,gmnr
5328,hkust
5329,oceanographi
5330,roehampton
5331,childbirth
5332,lsbf
5333,telemat
5334,mediat
5335,cape
5336,annenberg
5337,usc
5338,lo
5339,angel
5340,notion
5341,lshtm
5342,asylum
5343,seeker
5344,diaspora
5345,transnation
5346,racism
5347,racial
5348,solidar
5349,sanctuari
5350,unskil
5351,settl
5352,inventori
5353,unevenli
5354,calam
5355,wildfir
5356,heatwav
5357,collaps
5358,contradict
5359,astonish
5360,philippin
5361,maritim
5362,scatter
5363,urbanist
5364,muslim
5365,embedded
5366,certavp
5367,rcv
5368,vetgp
5369,cad
5370,imbu
5371,steadi
5372,substat
5373,scada
5374,dc
5375,configur
5376,fallibl
5377,error
5378,contributori
5379,bac
5380,eqf
5381,gravit
5382,cat
5383,tourist
5384,weapon
5385,nato
5386,commonwealth
5387,gun
5388,classmat
5389,bare
5390,fidel
5391,airfram
5392,aeroengin
5393,sheffield
5394,amrc
5395,withstand
5396,geomodel
5397,petrel
5398,leapfrog
5399,arcgi
5400,risen
5401,blockbust
5402,zoonot
5403,cwd
5404,connected
5405,hsmc
5406,dimension
5407,hdr
5408,biobank
5409,pasteur
5410,davita
5411,kidney
5412,hdruk
5413,rapport
5414,unlimit
5415,constrain
5416,fraction
5417,stubbornli
5418,cheme
5419,indepth
5420,maastricht
5421,heru
5422,anniversari
5423,sche
5424,unhealthi
5425,conduc
5426,ye
5427,tasti
5428,outbreak
5429,cognis
5430,download
5431,favour
5432,instil
5433,payabl
5434,observatori
5435,charit
5436,urg
5437,disappoint
5438,healthili
5439,mood
5440,standalon
5441,dialogu
5442,macmillan
5443,radcliff
5444,iosh
5445,21
5446,ago
5447,87k
5448,retrofit
5449,instig
5450,commission
5451,reloc
5452,paramed
5453,shell
5454,happier
5455,subspecialti
5456,hospitalis
5457,65
5458,prolong
5459,intang
5460,epcc
5461,hpc
5462,multicor
5463,realism
5464,palac
5465,archaeologist
5466,craftsmen
5467,historiograph
5468,metaphys
5469,castl
5470,parliament
5471,holyrood
5472,asept
5473,professionalis
5474,chme
5475,resort
5476,shelter
5477,cih
5478,sponsorship
5479,ibbr
5480,hunterian
5481,artist
5482,nurseri
5483,nutrient
5484,proprietor
5485,sexism
5486,corrupt
5487,greenwash
5488,spider
5489,arthropod
5490,multiocular
5491,silk
5492,venom
5493,duplic
5494,wgd
5495,vertebr
5496,flame
5497,altruism
5498,neuromechan
5499,biomimet
5500,sensorimotor
5501,27
5502,till
5503,31
5504,hcid
5505,intuit
5506,sachi
5507,capitalis
5508,ux
5509,primat
5510,ergonom
5511,crew
5512,cabin
5513,cytogenet
5514,meant
5515,bike
5516,altitud
5517,1400
5518,impair
5519,neurorehabilit
5520,muscl
5521,becaus
5522,club
5523,limerick
5524,ul
5525,interfaculti
5526,coru
5527,afn
5528,guardian
5529,categoris
5530,predispos
5531,coronari
5532,change4lif
5533,overweight
5534,ukvrn
5535,skelet
5536,lifeway
5537,osteoarchaeolog
5538,subdisciplin
5539,skeleton
5540,bone
5541,osteolog
5542,palaeopatholog
5543,archaeozoolog
5544,morpholog
5545,hrd
5546,judgement
5547,decent
5548,purs
5549,shrm
5550,blog
5551,staf
5552,privileg
5553,knowedeg
5554,parent
5555,unitar
5556,draft
5557,salient
5558,populist
5559,discrimin
5560,entitl
5561,erad
5562,mathematicsm
5563,inflamm
5564,hydrogeologist
5565,antipoli
5566,brandenburg
5567,cottbu
5568,catalonia
5569,warsaw
5570,poland
5571,hydrologist
5572,dens
5573,mime
5574,ihe
5575,warwick
5576,ipe
5577,transmur
5578,endocrinologist
5579,anytim
5580,intermitt
5581,ol
5582,imet
5583,delft
5584,pragu
5585,czech
5586,republ
5587,abovement
5588,desalin
5589,theatr
5590,gamifi
5591,statur
5592,repeatedli
5593,inflammatori
5594,arthriti
5595,rheumatoid
5596,asthma
5597,sclerosi
5598,innat
5599,vaccinolog
5600,bacteriolog
5601,parasitolog
5602,mycolog
5603,biomanufactur
5604,straightforward
5605,graft
5606,clahrc
5607,northwest
5608,disadvantag
5609,enzym
5610,wash
5611,81k
5612,matteo
5613,ingaramo
5614,mold
5615,ide
5616,twent
5617,ut
5618,toll
5619,iem
5620,pgc
5621,nanobiotechnolog
5622,lm8
5623,belfast
5624,breakthrough
5625,paus
5626,sooner
5627,biomass
5628,biodegrad
5629,tyre
5630,waterproof
5631,rubber
5632,polymer
5633,msqm
5634,nyu
5635,stern
5636,fluctuat
5637,strongest
5638,cice
5639,christoph
5640,hospic
5641,frit
5642,zernik
5643,1953
5644,subatom
5645,sepnet
5646,dexter
5647,entrench
5648,prenat
5649,utero
5650,publicis
5651,pathogenesi
5652,cytokin
5653,chemokin
5654,neuroinflammatori
5655,ipcp
5656,ipc
5657,vector
5658,endem
5659,zoonos
5660,readili
5661,replic
5662,faucet
5663,went
5664,infinit
5665,meanwhil
5666,appar
5667,phish
5668,scam
5669,groom
5670,botnet
5671,ftk
5672,cellebrit
5673,particulari
5674,ant
5675,isbp
5676,hnd
5677,ontolog
5678,plugin
5679,85k
5680,kenya
5681,ghana
5682,iif
5683,multilater
5684,bilater
5685,freelanc
5686,delet
5687,faith
5688,chao
5689,philip
5690,ideo
5691,omlet
5692,ieb
5693,du
5694,utrecht
5695,static
5696,pitch
5697,backbon
5698,secretom
5699,invertebr
5700,reprogram
5701,mechanobiolog
5702,transduct
5703,imim
5704,heidelberg
5705,uppsala
5706,bay
5707,asiin
5708,ftse
5709,newer
5710,upstream
5711,flynn
5712,utc
5713,ukcp
5714,subscrib
5715,cu
5716,boulder
5717,ip
5718,copyright
5719,factori
5720,artifact
5721,einstein
5722,ecn
5723,indoor
5724,endeavor
5725,intermath
5726,signif
5727,paint
5728,photographi
5729,peke
5730,pku
5731,julien
5732,studley
5733,iconoclast
5734,th
5735,remak
5736,preemin
5737,jeann
5738,marchig
5739,sruc
5740,watt
5741,deputi
5742,left
5743,forex
5744,earlier
5745,peripher
5746,frugal
5747,api
5748,deserv
5749,eng
5750,canterburi
5751,church
5752,buoyant
5753,oxstal
5754,gloucest
5755,bosch
5756,eisai
5757,hertfordshir
5758,mail
5759,polimi
5760,livello
5761,certainli
5762,reapprov
5763,suffolk
5764,unless
5765,ib
5766,sight
5767,macroeconomi
5768,1989
5769,unequal
5770,borderless
5771,celebr
5772,91
5773,simmspac
5774,precursor
5775,ukrain
5776,syrian
5777,fifti
5778,fiscal
5779,closest
5780,1945
5781,firmer
5782,caribbean
5783,momentum
5784,pertain
5785,longstand
5786,impoverish
5787,standout
5788,rariti
5789,sainsburi
5790,olymp
5791,glastonburi
5792,hotel
5793,unforgett
5794,inquir
5795,occas
5796,redevelop
5797,mphil
5798,reparatori
5799,indi
5800,uwi
5801,uofg
5802,prmia
5803,russia
5804,eastern
5805,eurasia
5806,engagingli
5807,bioethic
5808,acellular
5809,triall
5810,endless
5811,ifm
5812,davi
5813,businessman
5814,asda
5815,bratislava
5816,misconcept
5817,born
5818,inbound
5819,equat
5820,mayb
5821,marriott
5822,bafta
5823,gastronomi
5824,australian
5825,substitut
5826,leuphana
5827,lüneburg
5828,irrelev
5829,jurisdict
5830,overarch
5831,gsa
5832,cem
5833,teessid
5834,resid
5835,edunivers
5836,23rd
5837,brightest
5838,imm
5839,throttl
5840,homestay
5841,berkeley
5842,sectori
5843,ifr
5844,gaap
5845,showcas
5846,resum
5847,solidifi
5848,imec
5849,environm
5850,nt
5851,necess
5852,dmi
5853,heriot
5854,12th
5855,onsit
5856,neoma
5857,reim
5858,imfs
5859,brave
5860,brighter
5861,igc
5862,ibsa
5863,essca
5864,phenomen
5865,immigr
5866,korean
5867,blackpink
5868,belief
5869,settlement
5870,democratis
5871,prince2
5872,pmp
5873,scrum
5874,apm
5875,ippd
5876,stipul
5877,ir
5878,subfield
5879,hemispher
5880,supran
5881,obsolet
5882,tesla
5883,uber
5884,detriment
5885,headlin
5886,mayor
5887,pledg
5888,17
5889,catchment
5890,meld
5891,peacekeep
5892,peacemak
5893,ispp
5894,cmilt
5895,ticket
5896,recreat
5897,tmi
5898,ioh
5899,abta
5900,aem
5901,expedia
5902,tui
5903,skil
5904,zhejiang
5905,gongshang
5906,1995
5907,tariff
5908,chore
5909,multi
5910,gartner
5911,manikin
5912,contractil
5913,cytokinesi
5914,chromosom
5915,oncogenesi
5916,constrict
5917,actomyosin
5918,ring
5919,dimorph
5920,elabor
5921,male
5922,ornament
5923,sensori
5924,femal
5925,ommatidia
5926,width
5927,drosophila
5928,melanogast
5929,fruit
5930,xx
5931,sex
5932,xy
5933,bumblebe
5934,pollin
5935,abund
5936,soroy
5937,sikora
5938,neuroetholog
5939,bombu
5940,li
5941,mert
5942,impatien
5943,mare
5944,riabinina
5945,langridg
5946,poorli
5947,unknown
5948,antenn
5949,lobe
5950,olfactori
5951,tack
5952,interview
5953,caregiv
5954,uap
5955,percent
5956,rb
5957,commerzbank
5958,imfa
5959,deregul
5960,faint
5961,margin
5962,divin
5963,theolog
5964,dialog
5965,jica
5966,hawaii
5967,madagascar
5968,mauritiu
5969,repositori
5970,capita
5971,territori
5972,wine
5973,inextric
5974,terroir
5975,guis
5976,peninsula
5977,landmark
5978,stark
5979,remind
5980,fragil
5981,underwat
5982,salutogen
5983,openspac
5984,outdoor
5985,aquat
5986,reclam
5987,monolingu
5988,sequenti
5989,symptomatolog
5990,psycholinguist
5991,mulitlingu
5992,politi
5993,byzantin
5994,auxiliari
5995,palaeographi
5996,numismat
5997,sigillographi
5998,accru
5999,visionari
6000,doubt
6001,jeopardis
6002,tenac
6003,leather
6004,pack
6005,automobil
6006,sculpt
6007,textur
6008,itu
6009,hem
6010,ambul
6011,moon
6012,cruis
6013,unload
6014,crane
6015,string
6016,supersymmetri
6017,congest
6018,practicai
6019,lpc
6020,lsi
6021,hilif
6022,ec2u
6023,lifelin
6024,lit
6025,bordeaux
6026,nsirc
6027,overload
6028,sake
6029,cormsi
6030,airway
6031,twenti
6032,orm
6033,leipzig
6034,international
6035,reciproc
6036,stratégi
6037,territorial
6038,urbain
6039,epsom
6040,rolex
6041,hermè
6042,chanel
6043,honorari
6044,webster
6045,midwest
6046,malwar
6047,ward
6048,confidenti
6049,dd
6050,obstacl
6051,sc
6052,bwl
6053,diplom
6054,pfh
6055,zeva
6056,triad
6057,stade
6058,cfrp
6059,colloqui
6060,gfrp
6061,discount
6062,mme
6063,aachen
6064,micromobl
6065,microm
6066,trigger
6067,confus
6068,m2
6069,superpow
6070,stifterverband
6071,dax
6072,thereof
6073,leiden
6074,formula
6075,gamer
6076,camp
6077,codemast
6078,exient
6079,ual
6080,adob
6081,photoshop
6082,acrobat
6083,indesign
6084,tim
6085,berner
6086,lee
6087,bbc
6088,storytel
6089,500
6090,microcredenti
6091,leigh
6092,qt
6093,19th
6094,wbi
6095,alphazero
6096,siri
6097,alexa
6098,ca
6099,anomali
6100,econometrician
6101,timberlak
6102,exemplari
6103,obligatori
6104,tribolog
6105,erdf
6106,société
6107,générale
6108,thale
6109,valeo
6110,cincinnati
6111,colombia
6112,newfound
6113,résumé
6114,danon
6115,nokia
6116,proctor
6117,gambl
6118,mover
6119,lum
6120,93
6121,lifeblood
6122,sky
6123,imparti
6124,acca
6125,ascertain
6126,clariti
6127,cpa
6128,28th
6129,copi
6130,imit
6131,mi
6132,thornton
6133,incent
6134,incompar
6135,vicenza
6136,contractu
6137,covid
6138,mima
6139,mbig
6140,tough
6141,unclear
6142,misdi
6143,crowdsourc
6144,mpd
6145,miit
6146,elc
6147,1682
6148,imanf
6149,qa
6150,pepsico
6151,levi
6152,dump
6153,mention
6154,belgian
6155,whale
6156,seal
6157,overfish
6158,wadden
6159,mysteri
6160,abyss
6161,myriad
6162,haifa
6163,harbor
6164,nestl
6165,thet
6166,soi
6167,merchant
6168,submarin
6169,naom
6170,confluenc
6171,crewless
6172,vessel
6173,oceanograph
6174,mer
6175,maldiv
6176,oblig
6177,wise
6178,prompt
6179,smru
6180,untap
6181,tidal
6182,bn
6183,tide
6184,orkney
6185,mtec
6186,shark
6187,turtl
6188,seabird
6189,cornish
6190,seafar
6191,ethnographi
6192,yacht
6193,piri
6194,rei
6195,pru
6196,istanbul
6197,otherwis
6198,bind
6199,repercuss
6200,whichev
6201,numero
6202,brows
6203,idm
6204,checklist
6205,comment
6206,bmw
6207,starbuck
6208,predominantli
6209,waiv
6210,segment
6211,morningstar
6212,36th
6213,jump
6214,westminst
6215,ipa
6216,nielsen
6217,lewi
6218,lego
6219,mm
6220,alba
6221,endow
6222,obey
6223,happili
6224,buzz
6225,ignor
6226,marriag
6227,masc
6228,aera
6229,renac
6230,ag
6231,cga
6232,cecad
6233,max
6234,planck
6235,constel
6236,934
6237,acquaint
6238,aeroacoust
6239,electroacoust
6240,vibroacoust
6241,psychoacoust
6242,undifferenti
6243,ac
6244,aetbv
6245,besançon
6246,da
6247,der
6248,richtet
6249,sich
6250,mitarbeit
6251,von
6252,wirtschaftsprüfungsgesellschaften
6253,berufsbegleitend
6254,auf
6255,und
6256,den
6257,beruf
6258,wirtschaftsprüf
6259,vorbereiten
6260,wollen
6261,er
6262,stellt
6263,durch
6264,verzahnung
6265,praxi
6266,einen
6267,entscheidenden
6268,schritt
6269,dem
6270,weg
6271,zur
6272,wirtschaftsprüferkarrier
6273,dar
6274,wurd
6275,leben
6276,gerufen
6277,dies
6278,besteht
6279,au
6280,pricewaterhousecoop
6281,namur
6282,tart
6283,whu
6284,unamur
6285,compliant
6286,durabl
6287,reactiv
6288,metallurgi
6289,studienübersicht
6290,wie
6291,werden
6292,frühzeitig
6293,veränderungen
6294,sowi
6295,deren
6296,auswirkungen
6297,erkannt
6298,kann
6299,einer
6300,schieflag
6301,ein
6302,unternehmen
6303,vorgebeugt
6304,bzw
6305,wieder
6306,ihr
6307,herauskommen
6308,mit
6309,welchen
6310,analysen
6311,lassen
6312,ursachen
6313,für
6314,mangelnd
6315,profitabilität
6316,identifizieren
6317,setzt
6318,welch
6319,kommunikationsmittel
6320,sind
6321,hierfür
6322,notwendig
6323,konsequ
6324,verändert
6325,marktsituationen
6326,ausgerichtet
6327,umsatz
6328,gesteigert
6329,disruptionen
6330,im
6331,markt
6332,digitalisierung
6333,wertschöpfung
6334,investitionen
6335,nur
6336,einig
6337,beispiel
6338,organisationen
6339,zum
6340,umdenken
6341,zwingen
6342,zudem
6343,können
6344,abkühlung
6345,konjunktur
6346,finanziel
6347,geraten
6348,kompetenzen
6349,fähigkeiten
6350,bereichen
6351,turnaround
6352,kommunik
6353,restrukturierung
6354,rechtlich
6355,aspekt
6356,erforderlich
6357,um
6358,veränderungsprozess
6359,erfolgreich
6360,zu
6361,begleiten
6362,vermittelt
6363,ihnen
6364,stattet
6365,sie
6366,einem
6367,umfassend
6368,aufzustellen
6369,nist
6370,cpss
6371,ccna
6372,cyberop
6373,airbnb
6374,should
6375,euro
6376,corip
6377,piemont
6378,bright
6379,ee
6380,eiphi
6381,belfort
6382,fc
6383,thereaft
6384,si
6385,mimento
6386,865m²
6387,powertrain
6388,ite
6389,multiphys
6390,aalborg
6391,solvenc
6392,torino
6393,collegio
6394,sweden
6395,frankfurt
6396,vali
6397,management1
6398,convict
6399,savvi
6400,école
6401,en
6402,fr
6403,bayer
6404,henkel
6405,nestlé
6406,volkswagen
6407,warner
6408,maxim
6409,luxembourg
6410,dysbiosi
6411,bioremedi
6412,mmm
6413,mpmd
6414,htw
6415,cypru
6416,cii
6417,aegi
6418,keenli
6419,wil
6420,trollhättan
6421,eurecom
6422,secclo
6423,nvh
6424,heath
6425,shm
6426,copenhagen
6427,sumo
6428,klu
6429,aia
6430,aca
6431,icap
6432,bourgogn
6433,vibot
6434,weld
6435,iwe
6436,ontario
6437,schulich
6438,macc
6439,hku
6440,hkicpa
6441,explicit
6442,mepp
6443,linkag
6444,mahsr
6445,practicum
6446,wai
6447,just
6448,tabul
6449,regress
6450,summit
6451,rio
6452,1992
6453,interven
6454,bio
6455,gasthuisberg
6456,longev
6457,constitu
6458,nanobiolog
6459,physiologiy
6460,demystifi
6461,kgi
6462,arenberg
6463,raymond
6464,lemair
6465,rlicc
6466,1976
6467,cade
6468,emancipatori
6469,cyberthreat
6470,disinform
6471,deglutit
6472,mese
6473,signalprocess
6474,complimentari
6475,meng
6476,mf
6477,mffintech
6478,iupfood
6479,transtheoret
6480,atu
6481,mhsc
6482,dairi
6483,coder
6484,mmai
6485,mmgt
6486,mmkg
6487,cleaner
6488,nanocompon
6489,sck
6490,cen
6491,bloc
6492,expend
6493,podiatr
6494,annot
6495,podiatrist
6496,spear
6497,empower
6498,mptr
6499,mpa
6500,sipa
6501,aphea
6502,tiss
6503,desk
6504,lstm
6505,spec
6506,srmnah
6507,mpp
6508,mrei
6509,vivid
6510,technion
6511,brainpow
6512,isra
6513,spur
6514,2036
6515,passeng
6516,capitol
6517,mile
6518,nsa
6519,nasa
6520,goddard
6521,rooftop
6522,unguard
6523,struck
6524,electrocut
6525,silica
6526,dust
6527,asbesto
6528,notebook
6529,esrm
6530,programmat
6531,datamin
6532,34th
6533,crippl
6534,denial
6535,worm
6536,shut
6537,malfunct
6538,cybercrimin
6539,msgee
6540,erc
6541,niosh
6542,msoeh
6543,ansac
6544,hygienist
6545,abih
6546,unman
6547,ua
6548,hb
6549,nhgri
6550,nci
6551,tamper
6552,healthtech
6553,illus
6554,browser
6555,wallet
6556,pocket
6557,electromechan
6558,likewis
6559,ieee
6560,concis
6561,usag
6562,polytechniqu
6563,steem
6564,creator
6565,datacent
6566,node
6567,headsail
6568,330m
6569,transistor
6570,anymor
6571,forerunn
6572,courag
6573,secret
6574,tampa
6575,nibrt
6576,vanessa
6577,aubuchon
6578,mscaaf
6579,mscaecon
6580,fordham
6581,mayo
6582,galway
6583,tibco
6584,clientel
6585,spotfir
6586,sligo
6587,biopharma
6588,bioindustri
6589,140
6590,uc
6591,1971
6592,ww
6593,bme
6594,oner
6595,spring
6596,mscbm
6597,byproduct
6598,cloth
6599,mimic
6600,astound
6601,cortex
6602,5x
6603,dlt
6604,budgetari
6605,warn
6606,secretari
6607,fsec
6608,doneg
6609,hpe
6610,l9
6611,letterkenni
6612,rein
6613,hec
6614,juggl
6615,arous
6616,sympathi
6617,friend
6618,micromechan
6619,relentlessli
6620,vigor
6621,mscegm
6622,baptist
6623,syke
6624,lowth
6625,eh
6626,impur
6627,timelin
6628,cissn
6629,csc
6630,nicosia
6631,unic
6632,ride
6633,glean
6634,diverg
6635,skillnet
6636,blueprint
6637,stake
6638,vibrat
6639,nois
6640,ifoa
6641,cp1
6642,cp2
6643,cp3
6644,sp
6645,cm1
6646,cm
6647,cb
6648,cs1
6649,cs2
6650,cm2
6651,cb1
6652,cb2
6653,syllabus
6654,sp2
6655,sp4
6656,sp5
6657,sp6
6658,sp9
6659,mscgmm
6660,uccgc
6661,msgc
6662,microscal
6663,atlant
6664,msit
6665,tacit
6666,hyper
6667,iter
6668,podcast
6669,1980
6670,metropolis
6671,mainland
6672,mslnd
6673,goodman
6674,nui
6675,taskforc
6676,imda
6677,ibec
6678,mse
6679,readabl
6680,audibl
6681,summar
6682,cortana
6683,healthspan
6684,foodservic
6685,aoe
6686,hydronaut
6687,lauren
6688,hanyok
6689,aap
6690,consortia
6691,fda
6692,gamet
6693,sperm
6694,oocyt
6695,embryon
6696,cryoconserv
6697,embryo
6698,tutorship
6699,spp
6700,mscshrm
6701,interrelated
6702,trinat
6703,360
6704,laziodisu
6705,traineeship
6706,restaur
6707,manella
6708,img
6709,digitialis
6710,underst
6711,lasntg
6712,theoriz
6713,cherish
6714,mscm
6715,nonprofit
6716,aiti
6717,cta
6718,sharpli
6719,transcultur
6720,ferrari
6721,bicycl
6722,cup
6723,coffe
6724,temper
6725,antisoci
6726,eyewit
6727,maling
6728,fals
6729,confess
6730,juvenil
6731,love
6732,schizophrenia
6733,deviant
6734,congenit
6735,degen
6736,under
6737,fatigu
6738,delta
6739,practiceori
6740,cimec
6741,transcriptom
6742,metabolom
6743,radiom
6744,morocco
6745,nova
6746,sbe
6747,did
6748,grab
6749,45
6750,eibm
6751,connot
6752,portugues
6753,persuas
6754,iseg
6755,ap
6756,eco
6757,shed
6758,ene
6759,nhh
6760,metodolog
6761,recuper
6762,hierarch
6763,armi
6764,lill
6765,antiterror
6766,octav
6767,icp
6768,str
6769,illumin
6770,objet
6771,europa
6772,strait
6773,gibraltar
6774,exig
6775,memf
6776,3200
6777,lau
6778,grantham
6779,pharmacologist
6780,instructor
6781,westfjord
6782,akureyri
6783,ísafjörður
6784,iceland
6785,auditori
6786,tire
6787,am
6788,neuro
6789,encrypt
6790,recap
6791,hunt
6792,quo
6793,webgl
6794,zjgu
6795,calculu
6796,msb
6797,63
6798,induc
6799,gael
6800,highland
6801,inpati
6802,outpati
6803,spacecraft
6804,aerial
6805,cinemat
6806,parametr
6807,audiovestibular
6808,otolog
6809,audiolog
6810,audiologist
6811,ent
6812,surgeon
6813,paediatrician
6814,cytom
6815,immunobiolog
6816,mammograph
6817,breast
6818,mammographi
6819,ichem
6820,learm
6821,colloid
6822,surfact
6823,acp
6824,cumbria
6825,radiotherapist
6826,hee
6827,multiprofession
6828,ficm
6829,survivor
6830,occcf
6831,orthoptist
6832,retina
6833,glaucoma
6834,cataract
6835,msk
6836,pelvic
6837,matron
6838,nhse
6839,hewm
6840,podiatri
6841,aapeuk
6842,anglia
6843,uea
6844,delight
6845,episod
6846,blade
6847,bci
6848,dwarf
6849,menu
6850,incarn
6851,steadili
6852,convinc
6853,youll
6854,firewal
6855,harden
6856,460
6857,700
6858,2045
6859,accident
6860,ungradu
6861,caofdi
6862,doorway
6863,aemp
6864,alloy
6865,mentorship
6866,prehospit
6867,ventil
6868,haemodynam
6869,clark
6870,mobi
6871,trick
6872,motorsport
6873,crashworthi
6874,macp
6875,orthopaed
6876,polish
6877,outsourc
6878,hing
6879,empathet
6880,bsog
6881,vesaliu
6882,jean
6883,monnet
6884,amen
6885,etterbeek
6886,careprovid
6887,cobot
6888,ami
6889,station
6890,amir
6891,spark
6892,pspp
6893,aerotechnolog
6894,thermofluid
6895,jet
6896,hydro
6897,white
6898,webchat
6899,verif
6900,tomographi
6901,amird
6902,backend
6903,dismantl
6904,ioniz
6905,cmac
6906,thirdli
6907,cardiorespiratori
6908,nicki
6909,spenc
6910,neurophysiotherapi
6911,captiv
6912,monet
6913,orchestr
6914,wrought
6915,drph
6916,taxonomi
6917,radiotherapeut
6918,consensu
6919,amass
6920,dictat
6921,periop
6922,syncat
6923,bavaria
6924,regensburg
6925,c1
6926,anaesthet
6927,anatom
6928,anaesthesia
6929,neuropath
6930,untreat
6931,neoplasia
6932,zoolog
6933,bz
6934,partway
6935,neonatolog
6936,ayr
6937,hypnotherapi
6938,hypnosi
6939,bscah
6940,uncrew
6941,uav
6942,avion
6943,exhilar
6944,glide
6945,airflow
6946,astrium
6947,rae
6948,roll
6949,royc
6950,beat
6951,ae
6952,astrodynam
6953,asn
6954,aut
6955,bioastronaut
6956,fsm
6957,rsess
6958,550
6959,propfan
6960,missil
6961,airship
6962,debilit
6963,unsound
6964,cremona
6965,stereotyp
6966,unfold
6967,4ir
6968,intensif
6969,subtrop
6970,agroecolog
6971,fe
6972,lombardi
6973,cardio
6974,sovereignti
6975,lens
6976,reconcil
6977,agroforestri
6978,tree
6979,costa
6980,rica
6981,cati
6982,icraf
6983,jönköping
6984,iaqm
6985,veget
6986,worsen
6987,perish
6988,airworthi
6989,algal
6990,alga
6991,photosynthet
6992,macroscop
6993,seawe
6994,oxygen
6995,pigment
6996,nutraceut
6997,stablish
6998,algant
6999,concordia
7000,montréal
7001,padova
7002,stellenbosch
7003,recherch
7004,mathématiqu
7005,allerg
7006,slaveri
7007,dictatorship
7008,amput
7009,synopsi
7010,hampton
7011,hexaval
7012,chromium
7013,purif
7014,radiochem
7015,uranium
7016,232
7017,scotch
7018,whiski
7019,swri
7020,diageo
7021,ibioic
7022,puzzl
7023,roster
7024,egyptolog
7025,hellenist
7026,31st
7027,notif
7028,zoo
7029,wild
7030,bureaucraci
7031,violat
7032,imposs
7033,stori
7034,amidst
7035,stoyan
7036,stoyanov
7037,fuller
7038,lactat
7039,dioxid
7040,bsi
7041,tightli
7042,entwin
7043,caught
7044,acoustician
7045,ds
7046,dcm
7047,handwrit
7048,aba
7049,yearli
7050,skyrocket
7051,arithmet
7052,bioactiv
7053,metabolit
7054,bioreactor
7055,bulli
7056,adhd
7057,girl
7058,supernatur
7059,beaufort
7060,tdc
7061,manitoba
7062,codebreak
7063,freeli
7064,awaken
7065,outward
7066,toolset
7067,wors
7068,likelihood
7069,husbandri
7070,kolmården
7071,throughcar
7072,straight
7073,radar
7074,unmatch
7075,predefin
7076,instmc
7077,sedimentolog
7078,predecessor
7079,ielt
7080,1990
7081,jonathan
7082,sherratt
7083,andi
7084,kevin
7085,painter
7086,epilept
7087,seizur
7088,metrolog
7089,climatolog
7090,meteorologist
7091,cmet
7092,welsh
7093,epsrc
7094,analog
7095,cook
7096,intel
7097,seagat
7098,borgwarn
7099,bernal
7100,poultri
7101,breeder
7102,sssc
7103,pmi
7104,misus
7105,unjust
7106,camera
7107,futureproof
7108,heterogen
7109,glanc
7110,stressor
7111,esg
7112,amr
7113,adjac
7114,mp
7115,merchandis
7116,provok
7117,ableism
7118,polaris
7119,forgiv
7120,vicon
7121,isokinet
7122,dynamomet
7123,electromyographi
7124,cpr
7125,tape
7126,massag
7127,monday
7128,ergogen
7129,casual
7130,phoeb
7131,sandersphoeb
7132,sander
7133,premiership
7134,worcest
7135,pess
7136,senr
7137,anthropometri
7138,grass
7139,extrapol
7140,proce
7141,apha
7142,defra
7143,98k
7144,34
7145,2026
7146,labor
7147,censu
7148,estuari
7149,bypass
7150,pond
7151,catch
7152,seafood
7153,monument
7154,faunal
7155,bioarcheolog
7156,aberdeenshir
7157,ferri
7158,ancestor
7159,palaeoanthropolog
7160,hominin
7161,skull
7162,caho
7163,baltic
7164,siberia
7165,florenc
7166,olbia
7167,bari
7168,mumbai
7169,kolkata
7170,neighbour
7171,understad
7172,whol
7173,afraid
7174,motto
7175,dirti
7176,msaecm
7177,fuse
7178,restitut
7179,traffick
7180,connoisseurship
7181,inventor
7182,gridlock
7183,instant
7184,conscious
7185,awid
7186,statal
7187,unsolv
7188,forev
7189,resurg
7190,java
7191,2028
7192,unison
7193,asteroid
7194,comet
7195,annum
7196,detector
7197,bayfordburi
7198,astrophysicist
7199,atoc
7200,catalog
7201,cryolog
7202,aerosol
7203,disintermedi
7204,stockbrok
7205,flip
7206,oat
7207,wellspr
7208,lung
7209,giscienc
7210,rooki
7211,bruce
7212,aisher
7213,songwrit
7214,remix
7215,billboard
7216,csi
7217,clavia
7218,editor
7219,mediacityuk
7220,900
7221,dispens
7222,taster
7223,cochlear
7224,isvr
7225,pbl
7226,asd
7227,autist
7228,repetit
7229,chassi
7230,brake
7231,jaguar
7232,rover
7233,mclaren
7234,merced
7235,nissan
7236,voltag
7237,oxfordmetavers
7238,turnov
7239,scalabl
7240,minefield
7241,taxi
7242,reinvigor
7243,icao
7244,caa
7245,intermediari
7246,cedex
7247,nudg
7248,contrari
7249,biblic
7250,bibl
7251,reader
7252,hebrew
7253,testament
7254,dead
7255,scroll
7256,judaism
7257,apach
7258,hadoop
7259,quintillion
7260,phenom
7261,quicker
7262,idc
7263,cagr
7264,northampton
7265,lipid
7266,palaeopathologoc
7267,zooarchaeolog
7268,pathologist
7269,biobas
7270,bioconvers
7271,mh
7272,biodicers
7273,cieem
7274,bioseng
7275,functionalis
7276,exquisit
7277,gigabas
7278,bioinformatician
7279,nucleic
7280,acid
7281,documentari
7282,photograph
7283,videograph
